RideID,tpep_pickup_datetime,trip_distance,pickup_longitude,pickup_latitude,dropoff_longitude,dropoff_latitude,total_amount,DelayFactor
1,1/29/16 9:18,10.2,-73.87276459,40.77375412,-73.97306061,40.76177216,49.59,9
2,1/29/16 9:19,8.6,-73.87093353,40.77375793,-73.98275757,40.74280548,44.2,5
3,1/29/16 9:19,2,-73.87280273,40.77383423,-73.90664673,40.77003479,9.3,1
4,1/29/16 9:19,2.1,-73.87476349,40.77393723,-73.88224792,40.75431061,12.96,0
5,1/29/16 9:20,12.16,-73.87284851,40.77407074,-73.98896027,40.73488235,44.34,0
6,1/29/16 9:20,10.03,-73.87290955,40.77415085,-73.97041321,40.76184082,40.34,5
7,1/29/16 9:20,10.8,-73.87314606,40.77413559,-73.90565491,40.67872238,34.8,6
8,1/29/16 9:20,8.7,-73.87096405,40.77394104,-73.98149872,40.73990631,44.14,0
9,1/29/16 9:20,7.7,-73.87288666,40.77402115,-73.95404816,40.78702927,41.19,0
10,1/2/16 0:46,4.35,-73.87316132,40.77404785,-73.86026001,40.73835373,14.8,0
11,1/2/16 1:02,12.07,-73.8731308,40.77397919,-73.92359924,40.67626953,34.3,0
12,1/2/16 1:13,10.38,-73.87187195,40.77405167,-74.00473022,40.72862625,30.8,8
13,1/2/16 1:43,9.56,-73.87445831,40.77402115,-73.99331665,40.73611069,40.61,0
14,1/2/16 1:43,8.4,-73.8745575,40.77413177,-73.98021698,40.74549866,30.95,7
15,1/2/16 1:43,9.5,-73.87284088,40.77399826,-73.9961853,40.73236465,40.59,0
16,1/2/16 1:45,11.65,-73.87464905,40.77406693,-73.99416351,40.76073837,44.84,0
17,1/2/16 1:47,8.8,-73.87252808,40.77413559,-73.9710083,40.69420242,28.8,2
18,1/2/16 1:47,8.7,-73.87294006,40.77397156,-73.96870422,40.69245148,31.55,7
19,1/2/16 1:47,7.29,-73.87474823,40.77389145,-73.94780731,40.79600906,34.01,4
20,1/2/16 1:50,15.4,-73.87299347,40.7740097,-74.01566315,40.71164322,52.34,0
21,1/2/16 1:50,4,-73.87454224,40.77407074,-73.82662964,40.75839615,14.8,0
22,1/2/16 1:51,8.3,-73.8745575,40.77416611,-73.96514893,40.80118179,40.39,0
23,1/2/16 1:54,6.51,-73.87265015,40.77405167,-73.94850922,40.7245903,20.8,0
24,1/2/16 1:55,8.09,-73.87478638,40.77388,-73.97926331,40.74985123,35.81,3
25,1/2/16 1:55,7.05,-73.8747406,40.77391052,-73.95628357,40.71598816,25.56,0
26,1/2/16 1:55,6.63,-73.87492371,40.77386856,-73.94763184,40.71711731,20.3,0
27,1/2/16 1:55,11.7,-73.87458038,40.77409744,-73.97686768,40.66868973,55.3,0
28,1/2/16 1:55,7.6,-73.8744812,40.77397919,-73.94851685,40.7849617,34.61,0
29,1/2/16 1:55,11.72,-73.87291718,40.77397919,-73.97801971,40.67285919,39.3,4
30,1/2/16 1:56,2.7,-73.87277985,40.77423477,-73.91423798,40.75941467,14.75,0
31,1/2/16 1:56,8.4,-73.87263489,40.77410507,-73.94171143,40.83433533,38.19,0
32,1/2/16 1:56,9.93,-73.87289429,40.77412415,-73.97793579,40.77871323,40.34,1
33,1/2/16 1:57,9,-73.87316895,40.77409744,-73.9510498,40.82078552,38.79,3
34,1/2/16 1:57,9.72,-73.8731842,40.77406311,-73.96656799,40.76429367,40.61,5
35,1/2/16 1:59,8.03,-73.87296295,40.77392197,-73.9402771,40.82685852,33.84,7
36,1/2/16 1:59,10.77,-73.87458038,40.77408981,-73.88604736,40.68064117,32.3,3
37,1/2/16 2:00,7.8,-73.87454987,40.77412415,-73.9773407,40.74633408,29.34,0
38,1/2/16 2:01,10.01,-73.87301636,40.77409363,-73.96712494,40.75724792,37.84,4
39,1/2/16 2:01,9.19,-73.87496948,40.77384186,-73.98516083,40.73598862,36.8,5
40,1/2/16 2:02,13.57,-73.87351227,40.77397156,-73.9894104,40.76823044,47.16,0
41,1/2/16 2:03,11.82,-73.87500763,40.7738533,-73.99580383,40.74827194,37.3,1
42,1/2/16 2:03,9.66,-73.87441254,40.77396011,-73.94889069,40.68338776,34.3,9
43,1/2/16 2:03,7.6,-73.87300873,40.77408218,-73.96052551,40.81674957,37.89,0
44,1/2/16 2:04,7.55,-73.87299347,40.77416992,-73.94747925,40.78007889,28.84,0
45,1/2/16 2:04,0.9,-73.87283325,40.77418518,-73.86714935,40.76877975,6.8,8
46,1/2/16 2:04,3.24,-73.87452698,40.77407074,-73.92436218,40.76198959,12.3,2
47,1/2/16 2:04,2.4,-73.87481689,40.77404022,-73.87745667,40.74697113,11.8,0
48,1/2/16 2:05,6.8,-73.87494659,40.77389145,-73.94705963,40.81019974,33.84,5
49,1/2/16 2:05,6.9,-73.8731308,40.77407074,-73.95031738,40.71265793,25.55,0
50,1/2/16 2:07,7.6,-73.87302399,40.77398682,-73.9412384,40.81264114,42.04,9
51,1/2/16 2:08,7.2,-73.87294006,40.77397156,-73.98355103,40.76576614,32.15,9
52,1/2/16 2:11,2.51,-73.87284851,40.77407837,-73.86116028,40.75297546,12.3,0
53,1/2/16 2:24,10.26,-73.87303925,40.77421188,-73.99469757,40.73234177,31.3,5
54,1/2/16 3:34,1.9,-73.87260437,40.77410889,-73.86966705,40.74947739,11.3,0
55,1/2/16 3:44,3.1,-73.87328339,40.77436829,-73.87756348,40.7477951,25.6,6
56,1/2/16 4:11,15.1,-73.87284088,40.77230072,-73.95315552,40.65241623,43.8,5
57,1/2/16 4:23,9.2,-73.87322998,40.77389526,-73.9595871,40.76356125,36.67,0
58,1/2/16 4:30,16.01,-73.87171173,40.77431107,-74.01578522,40.71183014,55.34,7
59,1/29/16 11:32,11.4,-73.8730011,40.77414703,-73.9825058,40.7543602,46.34,2
60,1/29/16 11:33,9.14,-73.87505341,40.77381134,-73.98876953,40.75791931,38.84,1
61,1/29/16 11:33,7.83,-73.87469482,40.77405167,-73.95222473,40.78656387,33.34,2
62,1/2/16 4:43,8.04,-73.87442017,40.77396011,-73.97998047,40.73749924,30.96,9
63,1/2/16 5:00,2.8,-73.87294006,40.77398682,-73.89273071,40.75095367,12.3,9
64,1/2/16 5:01,3.64,-73.87133026,40.77383804,-73.92549896,40.7589035,13.3,2
65,1/2/16 5:04,2.1,-73.87290955,40.77437592,-73.86564636,40.77090073,10.8,0
66,1/2/16 5:08,11.8,-73.87332153,40.77391434,-74.01014709,40.71174622,33.3,0
67,1/2/16 5:12,10.4,-73.87328339,40.77437973,-73.93344879,40.85680771,40.84,7
68,1/2/16 5:47,1.5,-73.87083435,40.77378082,-73.88115692,40.75986481,8.3,0
69,1/2/16 5:51,3.5,-73.87306976,40.77443314,-73.92227173,40.76370621,14.3,0
70,1/2/16 5:54,5.2,-73.87301636,40.77407074,-73.94626617,40.76602554,21.35,0
71,1/2/16 5:56,7.3,-73.87294769,40.77423096,-73.95543671,40.76871109,28.5,0
72,1/2/16 6:01,0.1,-73.87132263,40.77433777,-73.87324524,40.77438354,4.3,0
73,1/2/16 6:08,4.58,-73.87303162,40.77386856,-73.8328476,40.7597084,21.36,4
74,1/2/16 6:08,4.6,-73.87303925,40.77400208,-73.83278656,40.75959015,22.8,0
75,1/2/16 6:20,12.3,-73.8710556,40.77358627,-73.77690887,40.64469528,34.3,7
76,1/2/16 6:21,15.3,-73.8710556,40.77361679,-73.84874725,40.90555573,54.27,6
77,1/29/16 11:33,14.1,-73.87294006,40.77393341,-73.95716095,40.6652565,43.8,3
78,1/2/16 6:40,11.9,-73.87288666,40.77389145,-73.78330994,40.64385986,36.3,0
79,1/2/16 6:49,7,-73.87290955,40.77404404,-73.9405899,40.81149673,27.34,0
80,1/2/16 7:05,7.68,-73.87329865,40.77186203,-73.94914246,40.7826767,58.34,6
81,1/2/16 7:09,20.6,-73.8710022,40.77346802,-73.87036133,40.77302933,59.8,6
82,1/2/16 7:12,7.5,-73.87117767,40.77376556,-73.94461823,40.77951431,33.39,4
83,1/2/16 7:23,17.84,-73.87106323,40.77362061,-73.94471741,40.63243103,52.8,1
84,1/2/16 7:30,9.92,-73.87097931,40.77360153,-73.96367645,40.67657852,30.3,9
85,1/2/16 7:33,10.1,-73.87308502,40.774086,-73.93160248,40.66699982,31.3,6
86,1/2/16 7:38,10.2,-73.87519836,40.77388763,-73.99073029,40.73062134,30.3,3
87,1/29/16 11:34,11.9,-73.8730545,40.77415085,-73.98580933,40.75879288,45.34,8
88,1/29/16 11:34,12.46,-73.87284851,40.77410126,-74.00827789,40.70756912,43.34,0
89,1/29/16 11:34,10.3,-73.87294006,40.77408218,-73.97438812,40.75645828,38.34,0
90,1/29/16 11:34,9.4,-73.87284088,40.77417374,-73.98547363,40.72373581,35.75,0
91,1/29/16 11:34,8.6,-73.87456512,40.77408218,-73.96948242,40.75749588,39.99,6
92,1/29/16 11:34,10.5,-73.87284851,40.77407455,-73.97898865,40.76220322,44.84,0
93,1/1/16 0:02,6.5,-73.87460327,40.77410126,-73.94418335,40.7166481,26,6
94,1/1/16 0:03,4.6,-73.87297058,40.77405167,-73.84675598,40.72748184,17.3,8
95,1/1/16 0:04,8.75,-73.87451172,40.77409363,-73.99106598,40.75042343,40.01,5
96,1/1/16 0:04,2.95,-73.87094879,40.77376938,-73.91747284,40.76771927,11.8,7
97,1/1/16 0:05,7.2,-73.87319183,40.77406693,-73.9755249,40.74448776,30.95,2
98,1/1/16 0:06,10.21,-73.87463379,40.77394104,-73.97927094,40.78020859,41.99,5
99,1/1/16 0:06,4.41,-73.87478638,40.77389908,-73.82628632,40.77407837,15.8,0
100,1/1/16 0:07,7.95,-73.87297821,40.77399826,-73.95346832,40.82540894,34.89,5
101,1/1/16 0:07,9.83,-73.87312317,40.77423096,-74.00491333,40.74446106,36.84,0
102,1/1/16 0:08,9.1,-73.87303925,40.77410507,-73.98899841,40.7348175,40.84,0
103,1/1/16 0:10,6.78,-73.87473297,40.77397156,-73.94126129,40.71192169,26.76,9
104,1/1/16 0:10,16.49,-73.87458801,40.77412033,-73.9692688,40.61940384,57.25,0
105,1/1/16 0:10,11.13,-73.87293243,40.77412033,-73.94438171,40.66270828,41.3,0
106,1/1/16 0:10,5.6,-73.87444305,40.77404785,-73.87580872,40.72694397,18.3,0
107,1/29/16 11:35,14.5,-73.8729248,40.77396774,-74.01044464,40.70198822,51.34,0
108,1/29/16 11:35,11.91,-73.87452698,40.77405167,-74.00920105,40.71537018,45.36,5
109,1/29/16 11:35,10.94,-73.87091827,40.77368164,-73.98557281,40.76002121,53.21,4
110,1/1/16 0:10,12,-73.87306213,40.77412415,-73.97648621,40.75143051,47.15,2
111,1/1/16 0:11,9.43,-73.87308502,40.77407074,-73.93009186,40.85351181,43.99,0
112,1/1/16 0:11,4.28,-73.87281799,40.77411652,-73.9122467,40.74547577,18.96,5
113,1/1/16 0:11,6.4,-73.87335205,40.77405167,-73.80288696,40.77125931,20.8,3
114,1/1/16 0:12,12.1,-73.87457275,40.77412796,-73.99440765,40.76091766,50.8,0
115,1/1/16 0:12,10.54,-73.87270355,40.77406311,-73.845047,40.83965302,37.34,0
116,1/1/16 0:12,12.34,-73.87492371,40.77394485,-73.9616394,40.66188049,45.96,0
117,1/1/16 0:12,9.55,-73.87296295,40.7740593,-73.99930573,40.73934174,44.21,0
118,1/1/16 0:13,8.9,-73.87452698,40.77407074,-73.95483398,40.7671814,32.34,0
119,1/1/16 0:14,11.71,-73.87301636,40.77412415,-73.97735596,40.78427505,46.84,6
120,1/1/16 0:14,7.8,-73.8745575,40.77407074,-73.94683838,40.77407837,29.84,0
121,1/1/16 0:14,2.6,-73.87319946,40.77406693,-73.87485504,40.75672531,14.15,0
122,1/1/16 0:15,6.6,-73.87439728,40.77408218,-73.84303284,40.71263885,20.3,6
123,1/1/16 0:15,1,-73.87458038,40.77405167,-73.86759949,40.76784897,6.8,8
124,1/1/16 0:16,10.37,-73.87445831,40.77405167,-73.99168396,40.74923325,33.8,4
125,1/1/16 0:16,6.7,-73.87265778,40.77410126,-73.9461441,40.71579361,23.8,6
126,1/1/16 0:17,3.5,-73.87330627,40.77403641,-73.88311768,40.75338745,14.3,0
127,1/1/16 0:18,8.97,-73.87342834,40.77402878,-73.95632172,40.77053833,40.42,9
128,1/1/16 0:18,11.18,-73.87306213,40.77415848,-73.89488983,40.86368942,39.34,0
129,1/1/16 0:19,3.1,-73.87448883,40.77413559,-73.89807129,40.74372482,12.8,7
130,1/1/16 0:20,8.6,-73.87310791,40.77404785,-73.96938324,40.7567749,31.34,8
131,1/1/16 0:21,15,-73.87315369,40.77399445,-73.94950104,40.66447067,47.3,0
132,1/1/16 0:21,17.3,-73.87447357,40.77382278,-74.01348877,40.79076385,90.3,5
133,1/1/16 0:21,9,-73.87303925,40.7740593,-73.96456909,40.68720245,34.1,4
134,1/1/16 0:21,4.16,-73.87319183,40.77412415,-73.86029053,40.73601532,14.3,7
135,1/1/16 0:22,10.5,-73.8746109,40.77406693,-73.77388763,40.67818451,31.8,9
136,1/29/16 11:35,9.58,-73.87284088,40.77381897,-73.99803162,40.72246552,39.96,0
137,1/29/16 11:35,11.66,-73.8745575,40.77408981,-73.98465729,40.76844025,46.34,0
138,1/29/16 11:35,9.87,-73.8753891,40.77368164,-73.9697876,40.75727081,43.61,0
139,1/29/16 11:35,8.96,-73.87547302,40.77362061,-73.98392487,40.75722504,43.61,0
140,1/29/16 11:36,8.8,-73.87284851,40.77399445,-73.99128723,40.74956131,40.34,2
141,1/29/16 11:36,12.49,-73.87535095,40.7736969,-73.99365234,40.75697327,61.01,5
142,1/29/16 11:37,10.04,-73.87312317,40.77416992,-73.97312927,40.75619888,37.34,0
143,1/29/16 11:37,10.95,-73.8731308,40.77412033,-73.98490906,40.76179123,42.84,0
144,1/29/16 11:37,10.34,-73.87294769,40.77404022,-73.97783661,40.75857925,47.21,0
145,1/29/16 11:37,10,-73.87454224,40.7741127,-73.99165344,40.72954941,38.75,0
146,1/29/16 11:37,9.79,-73.8728714,40.77404022,-73.98841858,40.76168823,51.41,0
147,1/29/16 11:38,9.47,-73.87313843,40.77428055,-73.97814178,40.71762848,34.3,2
148,1/29/16 11:38,10.32,-73.87510681,40.77393723,-73.97263336,40.75566101,46.01,5
149,1/29/16 11:38,8.7,-73.87438965,40.77378464,-73.96276855,40.77484894,41.04,0
150,1/29/16 11:38,12.1,-73.87297058,40.77412796,-73.97238922,40.75613785,50.19,0
151,1/29/16 11:39,11.4,-73.87449646,40.77408218,-73.98693848,40.67313766,43.55,0
152,1/29/16 11:39,9.84,-73.87319183,40.7741394,-73.98903656,40.69363022,36.96,1
153,1/29/16 11:39,10.47,-73.87306213,40.77415085,-73.97904968,40.76202011,56.05,4
154,1/29/16 11:39,11.22,-73.87297821,40.77416992,-73.98353577,40.73842239,52.92,9
155,1/29/16 11:40,10.19,-73.87294769,40.77408981,-73.97563934,40.76055908,47.34,0
156,1/29/16 11:40,9.04,-73.87454987,40.77411652,-73.9535675,40.71157837,36.96,0
157,1/29/16 11:40,10.62,-73.87483215,40.77394867,-73.98203278,40.76259995,54.84,2
158,1/29/16 11:40,11.8,-73.87281036,40.77412796,-73.89982605,40.87302017,53.89,0
159,1/29/16 11:57,3.66,-73.87448883,40.77410889,-73.83265686,40.76100922,14.3,4
160,1/29/16 11:57,12.6,-73.87384796,40.77134705,-73.72241974,40.78634644,72.96,7
161,1/29/16 11:58,8.78,-73.87306213,40.77410889,-73.97167969,40.75727081,40.84,1
162,1/29/16 11:58,8.99,-73.87320709,40.77408981,-73.98606873,40.75818634,49.61,0
163,1/29/16 11:58,11.5,-73.87444305,40.7739563,-73.98683929,40.76095581,57.99,0
164,1/29/16 11:58,3.2,-73.87458038,40.774086,-73.88987732,40.74591446,15.3,8
165,1/29/16 11:59,12.1,-73.87309265,40.77406311,-73.97920227,40.76184082,56.19,5
166,1/29/16 11:59,8,-73.87295532,40.77401352,-73.97667694,40.75133514,31.84,0
167,1/29/16 11:59,10.56,-73.8714447,40.77407837,-73.94715118,40.67819214,43.56,0
168,1/29/16 11:59,7.53,-73.87462616,40.77406311,-73.94841766,40.7893219,28.84,3
169,1/29/16 11:59,9.12,-73.87451935,40.77408981,-73.95966339,40.68524933,47.88,2
170,1/29/16 11:59,10.7,-73.87274933,40.77419662,-73.97638702,40.6652565,43.9,1
171,1/29/16 11:59,13,-73.87315369,40.7740593,-73.99123383,40.66073227,41.8,3
172,1/29/16 11:59,12.24,-73.87465668,40.774086,-74.0092392,40.70716858,50.76,8
173,1/29/16 12:00,10.4,-73.87301636,40.77415466,-73.98158264,40.76236343,43.84,0
174,1/29/16 12:00,9.47,-73.87303925,40.77410126,-73.96524048,40.77008057,45.41,6
175,1/29/16 12:00,10.5,-73.8744812,40.77394104,-73.93618011,40.854496,40.34,0
176,1/29/16 12:00,8.92,-73.87439728,40.77396011,-73.9561615,40.76556015,42.3,1
177,1/29/16 12:01,9.7,-73.87534332,40.77380371,-74.00085449,40.72294617,41.15,0
178,1/29/16 12:01,9.5,-73.87320709,40.77407074,-73.98978424,40.7343483,44.19,0
179,1/29/16 12:01,8.61,-73.87299347,40.77405167,-73.98795319,40.74386597,41.21,7
180,1/29/16 12:01,8.6,-73.87284851,40.77393723,-73.97567749,40.75554657,36.34,0
181,1/29/16 12:01,6.79,-73.87319946,40.77412033,-73.9422226,40.72354889,21.3,0
182,1/29/16 12:01,9.68,-73.8709259,40.77384186,-73.99746704,40.72133255,33.3,0
183,1/29/16 12:01,11.73,-73.87286377,40.7738533,-73.98405457,40.66819382,40.3,2
184,1/29/16 12:03,12.4,-73.87300873,40.77396011,-73.98152924,40.75452042,51.84,0
185,1/29/16 12:03,8.62,-73.87148285,40.77407074,-73.96903992,40.7498436,30.84,0
186,1/29/16 12:03,10.2,-73.87289429,40.77406693,-73.97529602,40.76513672,39.34,9
187,1/29/16 12:03,13.43,-73.87310791,40.77410889,-74.01603699,40.71538925,44.3,0
188,1/29/16 12:03,10.95,-73.87454987,40.77411652,-73.97962952,40.76549911,42.34,0
189,1/1/16 0:33,12.1,-73.87323761,40.7740097,-73.90016937,40.82969666,44.34,0
190,1/1/16 0:33,18.41,-73.87477112,40.77412033,-73.82077026,40.58647156,54.38,7
191,1/1/16 0:44,1.24,-73.87319183,40.77399063,-73.86662292,40.7678299,10,0
192,1/29/16 12:03,6.41,-73.8731842,40.7741127,-73.81895447,40.72216797,24.75,5
193,1/29/16 12:03,13.72,-73.87470245,40.77399063,-74.0171814,40.7091713,44.8,1
194,1/29/16 12:04,11.9,-73.8744278,40.77393723,-73.98886108,40.73672104,43.34,0
195,1/29/16 12:04,9.18,-73.8744812,40.77407074,-73.97028351,40.7842598,40.34,9
196,1/29/16 12:04,8.97,-73.87333679,40.77406693,-73.99311066,40.75614166,47.89,0
197,1/29/16 12:05,10.7,-73.8729248,40.77404022,-73.98207092,40.75497437,40.84,6
198,1/29/16 12:05,8.5,-73.87306976,40.77405548,-73.97226715,40.75333405,37.59,2
199,1/29/16 12:05,10.18,-73.87300873,40.77414703,-73.99551392,40.72697067,44.76,0
200,1/29/16 12:06,9,-73.87303925,40.77409744,-73.98815155,40.75767136,42.99,7
201,1/29/16 12:06,10.5,-73.8727417,40.77391815,-73.97177887,40.75525284,44.84,0
202,1/29/16 12:06,10.1,-73.87447357,40.77404785,-73.97910309,40.78155136,49.79,0
203,1/29/16 12:06,8,-73.87271881,40.77402496,-73.95572662,40.7849884,30.34,6
204,1/29/16 12:06,10.1,-73.87271881,40.77373123,-73.97167206,40.75712967,38.84,5
205,1/29/16 12:06,11.4,-73.8744812,40.77404022,-73.98448181,40.76222229,41.34,0
206,1/29/16 12:07,0,-73.87107849,40.77417755,-73.87261963,40.77452087,35.3,0
207,1/29/16 12:07,9.36,-73.87348175,40.77393341,-73.96140289,40.75624084,40.61,0
208,1/29/16 12:07,8.9,-73.87312317,40.77411652,-73.98816681,40.72001648,35.75,1
209,1/29/16 12:07,7.62,-73.87293243,40.77415085,-73.94428253,40.77737045,34.01,3
210,1/29/16 12:07,10.4,-73.87454224,40.77401352,-74.00424957,40.7405014,46.34,1
211,1/29/16 12:07,8.86,-73.87480927,40.77407837,-73.98358154,40.75314713,44.21,0
212,1/29/16 12:08,9.7,-73.87294769,40.77406693,-73.9954834,40.73756027,50.79,1
213,1/1/16 0:52,3.64,-73.87317657,40.77416229,-73.89284515,40.74504852,14.8,1
214,1/29/16 12:08,12.9,-73.87303162,40.77413559,-73.92431641,40.679039,37.8,1
215,1/29/16 12:08,8.8,-73.87311554,40.77401733,-73.98246765,40.75535202,45.99,0
216,1/1/16 1:23,10.66,-73.87326813,40.77442169,-73.7710495,40.67671967,36.3,3
217,1/1/16 1:36,12.08,-73.87306976,40.77410507,-73.79003906,40.64693069,40.56,1
218,1/29/16 11:45,11.2,-73.87316132,40.77409744,-73.98046112,40.73774338,49.79,1
219,1/29/16 11:45,8.73,-73.87460327,40.77396011,-73.9835968,40.7374382,39.41,0
220,1/29/16 11:45,14.22,-73.87463379,40.77408981,-74.00437164,40.70984268,50.84,0
221,1/29/16 11:45,8.63,-73.87312317,40.77439117,-73.98258209,40.75431824,40.01,5
222,1/29/16 11:46,14.99,-73.87310028,40.77414322,-74.00959015,40.70622635,60.41,8
223,1/29/16 11:46,11.3,-73.87088776,40.77377701,-73.98092651,40.75455475,54.79,7
224,1/29/16 11:46,7.5,-73.87299347,40.77412415,-73.9539566,40.80477142,38.79,0
225,1/29/16 11:46,11.16,-73.87445831,40.77405167,-73.98478699,40.74629974,50.21,6
226,1/29/16 11:46,9.1,-73.87456512,40.77405167,-73.9822464,40.75543594,45.39,0
227,1/29/16 11:46,9.81,-73.87559509,40.77360535,-73.98021698,40.78233337,37.34,8
228,1/29/16 11:46,8.82,-73.87090302,40.77376556,-73.97342682,40.75777054,43.61,0
229,1/29/16 11:47,11.9,-73.87089539,40.77381897,-74.004776,40.72267532,48.34,0
230,1/29/16 11:47,10.85,-73.87442017,40.7740097,-73.98135376,40.76461029,57.41,8
231,1/29/16 11:47,8.8,-73.87296295,40.77403641,-73.99228668,40.75077438,41.84,0
232,1/29/16 11:47,9.38,-73.87500763,40.77397156,-73.98401642,40.75770187,49.61,9
233,1/29/16 11:47,10.99,-73.87456512,40.77410507,-73.97145844,40.75611877,46.34,0
234,1/29/16 11:48,8.2,-73.87093353,40.77382278,-73.95491028,40.78022766,31.34,0
235,1/29/16 11:48,10.72,-73.87508392,40.77198029,-73.97187805,40.76480865,52.92,0
236,1/29/16 11:48,10.08,-73.87091827,40.77375793,-73.99071503,40.70267868,42.64,5
237,1/29/16 11:48,13.3,-73.87445068,40.77394867,-73.98777008,40.66331863,53.5,5
238,1/29/16 11:48,10.64,-73.87306976,40.77420044,-73.98065186,40.75328827,39.84,6
239,1/29/16 11:48,0.41,-73.87295532,40.77415085,-73.87812042,40.77127075,52.8,8
240,1/29/16 11:48,9.77,-73.87497711,40.77402878,-73.97914886,40.78953934,38.84,4
241,1/2/16 7:42,9.77,-73.87100983,40.77362061,-73.98892975,40.72513962,28.3,0
242,1/2/16 7:42,4.8,-73.87284088,40.77413559,-73.84914398,40.72796631,15.3,9
243,1/2/16 7:42,9.32,-73.87088013,40.77360916,-73.98391724,40.75970078,38.34,0
244,1/2/16 7:50,10.6,-73.87081146,40.77362823,-73.9801712,40.76428986,37.34,1
245,1/2/16 7:55,14.26,-73.87097168,40.7736969,-74.00254822,40.71863174,55.01,7
246,1/2/16 7:58,7.8,-73.87452698,40.77406693,-73.95418549,40.78466415,35.19,3
247,1/2/16 7:59,6.9,-73.87093353,40.77365875,-73.94205475,40.71121979,24.3,3
248,1/2/16 8:01,8.8,-73.87110901,40.7736702,-73.98616028,40.75828552,32.34,0
249,1/2/16 8:02,6.9,-73.87086487,40.77378845,-73.9491806,40.80182648,31.84,0
250,1/2/16 8:02,9.5,-73.87442017,40.77399445,-73.98301697,40.69664383,32.15,2
251,1/2/16 8:03,14,-73.87445831,40.77404022,-73.95241547,40.66145325,48.95,0
252,1/2/16 8:03,0,-73.87333679,40.77428818,0,0,5.8,4
253,1/2/16 8:04,9.8,-73.87445831,40.77405167,-73.97797394,40.72935867,34.55,5
254,1/2/16 8:04,0,-73.87291718,40.7739296,-73.87299347,40.77384949,3.3,3
255,1/2/16 8:05,8.2,-73.87295532,40.77388382,-73.95776367,40.73118973,30.35,8
256,1/2/16 8:05,7.32,-73.87297058,40.77384949,-73.80722046,40.69897842,26.76,7
257,1/2/16 8:05,9.25,-73.87452698,40.77412033,-73.96326447,40.77427673,40.01,0
258,1/2/16 8:05,11.3,-73.87478638,40.77412033,-73.99961853,40.68837357,38.15,0
259,1/2/16 8:06,7.1,-73.87309265,40.77396774,-73.95633698,40.71986771,26.15,9
260,1/2/16 8:07,12.3,-73.8744812,40.77409363,-73.96257782,40.65965271,41.8,0
261,1/2/16 8:08,0.6,-73.87269592,40.77416611,-73.95511627,40.74295425,26.73,0
262,1/2/16 8:09,6.7,-73.87334442,40.77410889,-73.94272614,40.71485138,26.6,0
263,1/2/16 8:09,4.1,-73.87245941,40.77402496,-73.91375732,40.74337769,17.76,0
264,1/2/16 8:09,12.67,-73.87325287,40.77387238,-73.9605484,40.65670013,45.96,0
265,1/2/16 8:09,9,-73.87448883,40.77410889,-73.99327087,40.75208282,32.34,7
266,1/2/16 8:10,5.5,-73.87454224,40.77403641,-73.94335175,40.76901627,21.95,2
267,1/2/16 8:10,9.09,-73.87303162,40.7741394,-73.98931885,40.7424202,32.34,0
268,1/2/16 8:10,6.56,-73.87296295,40.77399445,-73.93564606,40.8120079,31.61,1
269,1/2/16 8:10,3.4,-73.87451172,40.77404404,-73.91436005,40.76358414,12.3,0
270,1/2/16 8:11,10.91,-73.87286377,40.77381897,-73.98323059,40.76459885,38.34,0
271,1/2/16 8:11,8.15,-73.87445068,40.77399826,-73.95160675,40.77038956,30.34,2
272,1/2/16 8:11,8,-73.87089539,40.77377319,-73.9259491,40.70212936,27.8,0
273,1/2/16 8:12,2.9,-73.87026215,40.77388,-73.91368103,40.75470734,11.8,8
274,1/2/16 8:12,13.4,-73.87448883,40.77405167,-73.99475098,40.6600914,46.62,3
275,1/2/16 8:12,10.1,-73.87096405,40.77370071,-73.93691254,40.85067368,34.84,1
276,1/2/16 8:13,10.63,-73.87345886,40.77391052,-73.97846985,40.7628479,36.84,4
277,1/2/16 8:16,15.51,-73.8711853,40.7738533,-73.97781372,40.66928101,46.3,9
278,1/2/16 8:17,3.19,-73.8707962,40.77363968,-73.91976929,40.77544022,11.3,9
279,1/2/16 8:18,7.4,-73.87533569,40.77143478,-74.00311279,40.70836639,22.3,2
280,1/2/16 8:20,4.9,-73.87093353,40.77370071,-73.92769623,40.74446106,17.3,1
281,1/2/16 8:21,4.45,-73.87075043,40.77362823,-73.91900635,40.74195099,18.36,6
282,1/2/16 8:21,21.7,-73.87374115,40.773983,-74.14929199,40.7305336,128.62,0
283,1/2/16 8:22,12.74,-73.87310028,40.7739563,-74.01651764,40.71009064,36.3,7
284,1/2/16 8:22,6.37,-73.8707428,40.77362823,-73.94210815,40.72254944,19.8,7
285,1/2/16 8:24,6.7,-73.87012482,40.77342606,-73.94720459,40.71718597,20.8,3
286,1/2/16 8:24,6.7,-73.87089539,40.77366257,-73.89826202,40.81422424,26.84,3
287,1/2/16 8:25,7,-73.8708725,40.77374268,-73.89879608,40.81369781,32.84,2
288,1/2/16 8:25,6.96,-73.87454987,40.7740593,-73.95140076,40.72658157,25.56,2
289,1/2/16 8:25,9.23,-73.87081146,40.77364731,-73.92115784,40.70294952,34.56,2
290,1/2/16 8:25,5.8,-73.87081146,40.77390671,-73.81801605,40.72777176,18.8,8
291,1/2/16 8:26,15.77,-73.87077332,40.77359772,-73.85764313,40.92092896,49.34,0
292,1/2/16 8:26,10.2,-73.87123108,40.77388382,-73.9504776,40.67615509,36.95,9
293,1/2/16 8:27,10.4,-73.8710022,40.77370071,-73.97849274,40.76308441,35.84,0
294,1/2/16 8:27,25.6,-73.87093353,40.77373886,-74.07875824,40.64289093,89.88,9
295,1/2/16 8:27,9.6,-73.87086487,40.77370453,-73.96738434,40.76539993,40.59,3
296,1/2/16 8:27,9.1,-73.87317657,40.77416992,-73.99525452,40.75560379,38.79,1
297,1/2/16 8:28,9.31,-73.87130737,40.77393341,-73.95118713,40.69293594,35.38,3
298,1/2/16 8:28,12.3,-73.87086487,40.77374268,-73.92747498,40.67034912,44.75,0
299,1/2/16 8:29,9.6,-73.87115479,40.77363586,-73.91513062,40.69948959,35.75,8
300,1/2/16 8:29,1.02,-73.8745575,40.77410126,-73.86715698,40.76880646,14.3,5
301,1/2/16 8:30,13.7,-73.87094116,40.77376938,-73.89823151,40.87099075,44.84,4
302,1/2/16 8:30,9.91,-73.87088013,40.77368927,-73.98355103,40.72986984,34.56,9
303,1/2/16 8:30,8.91,-73.87083435,40.77365494,-73.94345856,40.69377899,37.8,0
304,1/2/16 8:31,9.2,-73.87104034,40.77368546,-73.95484161,40.68647766,32.75,0
305,1/2/16 8:31,11.72,-73.87104034,40.77396011,-73.91825867,40.68400192,33.8,6
306,1/2/16 8:31,10.6,-73.87082672,40.77375412,-73.97598267,40.75573349,35.84,1
307,1/2/16 8:32,9.29,-73.87084198,40.77378082,-73.93775177,40.84817886,32.84,0
308,1/2/16 8:32,12.5,-73.87078094,40.77375031,-73.98500061,40.6628418,47.15,8
309,1/2/16 8:32,10.17,-73.87091064,40.77363968,-73.94544983,40.67671967,36.96,5
310,1/2/16 8:33,2.96,-73.87095642,40.77378845,-73.91827393,40.76665878,11.8,3
311,1/2/16 8:33,3.31,-73.87102509,40.77373505,-73.92510986,40.77097702,15.34,7
312,1/2/16 8:34,9,-73.87090302,40.77381897,-73.99172211,40.742836,37.84,0
313,1/2/16 8:35,14.5,-73.87103271,40.77364349,-73.72961426,40.65439987,40.8,0
314,1/2/16 8:35,17.21,-73.87089539,40.77362823,-74.02897644,40.62147141,47.3,0
315,1/2/16 8:35,5.5,-73.87306213,40.77425766,-73.82214355,40.77448654,17.3,2
316,1/2/16 8:35,5.7,-73.87097168,40.77356339,-73.82331848,40.75252151,18.8,2
317,1/2/16 8:37,7.3,-73.87519836,40.77386856,-73.9541626,40.80488586,35.79,5
318,1/2/16 8:37,7.83,-73.87084961,40.77375031,-73.96350098,40.71860886,29.16,0
319,1/2/16 8:37,9.48,-73.8708725,40.77359772,-73.99580383,40.75906754,40.61,0
320,1/2/16 8:38,9.5,-73.87078857,40.77368927,-73.78071594,40.69470215,30.3,0
321,1/2/16 8:38,4.2,-73.87078094,40.77378845,-73.81990051,40.76623535,17.75,0
322,1/2/16 8:38,14.4,-73.87310028,40.77415466,-73.98001099,40.64535141,39.8,6
323,1/2/16 8:39,9.51,-73.87095642,40.77365875,-73.97606659,40.78215027,34.34,0
324,1/2/16 8:39,9.26,-73.87380981,40.77388382,-73.93417358,40.68434525,36.36,8
325,1/2/16 8:39,9.55,-73.87090302,40.77366638,-73.98457336,40.6963501,27.8,3
326,1/2/16 8:39,7.6,-73.87075806,40.77370834,-73.95574951,40.80389023,35.21,3
327,1/2/16 8:40,11.3,-73.87284851,40.7742691,-73.97941589,40.76690292,39.84,1
328,1/2/16 8:40,9.9,-73.87088776,40.77381897,-73.99588013,40.76560974,40.84,0
329,1/2/16 8:40,8.16,-73.87094116,40.77363968,-73.97744751,40.74687958,33.84,6
330,1/2/16 8:40,11,-73.87083435,40.77378464,-73.98579407,40.76005936,38.34,0
331,1/2/16 8:41,11.47,-73.87352753,40.77382278,-73.9074173,40.87779236,37.84,0
332,1/2/16 8:41,9.3,-73.87088776,40.77375031,-73.98078156,40.7766304,37.8,2
333,1/2/16 8:41,7.5,-73.87102509,40.77391052,-73.95539856,40.71043777,27.36,0
334,1/2/16 8:41,5.36,-73.87306213,40.77415848,-73.86961365,40.73080063,17.3,9
335,1/2/16 8:41,10.62,-73.87091064,40.77371597,-73.99389648,40.6977005,36.96,0
336,1/2/16 8:42,8.01,-73.87081909,40.77376938,-73.94715881,40.82575989,37.61,0
337,1/2/16 8:43,9.08,-73.87086487,40.77365112,-73.98844147,40.75700378,38.34,2
338,1/2/16 8:43,14.7,-73.87076569,40.77375412,-73.97691345,40.64307404,40.8,3
339,1/2/16 8:43,9.3,-73.87090302,40.77374649,-73.97291565,40.79855347,34.84,7
340,1/2/16 8:44,3,-73.87090302,40.77375031,-73.92192841,40.76905441,11.3,0
341,1/2/16 8:44,9.2,-73.87073517,40.77350235,-73.9453125,40.82832336,39.4,0
342,1/2/16 8:44,9.28,-73.87078094,40.77369308,-73.98594666,40.75973511,33.34,2
343,1/2/16 8:44,8.42,-73.87097168,40.77376175,-73.94974518,40.77019119,30.84,6
344,1/2/16 8:45,7.52,-73.87062836,40.77365875,-73.94064331,40.78673172,37.3,4
345,1/2/16 8:45,22.41,-73.87110138,40.77377319,-73.98233795,40.59137726,60.3,0
346,1/2/16 8:45,18,-73.87083435,40.77373505,-73.77378082,40.59442139,50.3,0
347,1/2/16 8:46,12.3,-73.87075043,40.77375031,-73.99238586,40.75516891,51.05,0
348,1/2/16 8:46,10.24,-73.8707962,40.77364349,-73.97274017,40.75551605,41.81,1
349,1/2/16 8:47,4.7,-73.87084961,40.77374268,-73.9407959,40.7557373,15.8,1
350,1/2/16 8:47,9.04,-73.87083435,40.77369308,-73.98950195,40.71913147,26.8,9
351,1/2/16 8:47,8.9,-73.87303925,40.77410889,-73.98614502,40.75870132,32.84,0
352,1/2/16 8:48,20.79,-73.87084198,40.77375412,-74.00240326,40.6366806,74.76,6
353,1/2/16 8:48,7.2,-73.87068176,40.77374649,-73.94730377,40.81690216,33.39,7
354,1/2/16 8:49,7,-73.87082672,40.77374649,-73.94197083,40.81545639,30.34,2
355,1/2/16 8:49,11,-73.8709259,40.77368927,-73.98092651,40.67581177,35.3,0
356,1/2/16 8:49,9.6,-73.87103271,40.7739296,-73.97651672,40.72875595,39.84,0
357,1/2/16 8:49,3.03,-73.87097168,40.77366638,-73.90059662,40.74927521,11.8,0
358,1/2/16 8:49,6.8,-73.87295532,40.77401352,-73.93827057,40.81560516,32.19,0
359,1/2/16 8:50,12.88,-73.87120819,40.77396011,-73.95336151,40.64125061,45.96,0
360,1/2/16 8:51,10.6,-73.87294769,40.77416229,-73.97649384,40.75336075,42.4,5
361,1/2/16 8:51,9.68,-73.87088776,40.77373886,-73.98249817,40.76227188,42.41,6
362,1/2/16 8:51,8.72,-73.87122345,40.77374268,-73.82253265,40.82704544,31.34,4
363,1/2/16 8:51,13.34,-73.87075806,40.77368164,-74.00084686,40.73334122,53.81,0
364,1/2/16 8:51,18.1,-73.87081909,40.77378845,-73.87281799,40.96018982,54.84,0
365,1/2/16 8:52,4.83,-73.87317657,40.77412033,-73.94013214,40.75782013,16.8,7
366,1/2/16 8:52,0.6,-73.87297821,40.77410126,-73.945755,40.72035217,28.3,5
367,1/2/16 8:52,4.81,-73.87085724,40.77371979,-73.81463623,40.75711823,17.3,5
368,1/2/16 8:53,6.2,-73.8709259,40.77360153,-73.92624664,40.810112,25.34,3
369,1/2/16 8:54,16.2,-73.8708725,40.77384567,-73.85044861,40.82730103,49.34,1
370,1/2/16 8:55,10.2,-73.87098694,40.77388763,-73.96266937,40.67542267,36.95,0
371,1/2/16 8:55,8,-73.87081909,40.77371597,-73.95305634,40.77584076,35.34,0
372,1/2/16 8:56,9.24,-73.87081909,40.77371979,-73.98307037,40.72266006,32.16,0
373,1/2/16 8:56,7.9,-73.87089539,40.77377319,-73.96391296,40.76050949,24.8,0
374,1/2/16 8:56,11.19,-73.87077332,40.77355957,-73.98486328,40.76050949,47.92,1
375,1/2/16 8:56,13.04,-73.87635803,40.77293015,-73.88401794,40.85510635,37.3,0
376,1/2/16 8:56,9.94,-73.87104797,40.77386856,-73.97834778,40.77742386,37.56,3
377,1/2/16 8:57,12.51,-73.87132263,40.7739296,-73.97982025,40.72042084,45.34,5
378,1/2/16 8:57,9.28,-73.87091827,40.77378845,-73.99079132,40.71947861,26.8,0
379,1/2/16 8:57,11.79,-73.87099457,40.77360535,-73.99201965,40.76322556,40.84,0
380,1/2/16 8:57,6.41,-73.87085724,40.77375031,-73.84467316,40.71578979,20.3,4
381,1/2/16 8:58,11.9,-73.87069702,40.77370834,-73.91562653,40.6889267,33.8,2
382,1/2/16 8:58,8.5,-73.87297058,40.77419281,-73.98577118,40.76548767,29.3,0
383,1/2/16 8:59,10.44,-73.87301636,40.7722702,-73.93340302,40.68955994,35.55,4
384,1/2/16 8:59,9.2,-73.8707962,40.77376556,-73.97554779,40.7921257,34.84,8
385,1/2/16 8:59,11.48,-73.87091827,40.7736969,-73.99118805,40.76552582,47.81,0
386,1/2/16 9:00,10,-73.87088776,40.77373886,-73.98887634,40.69338989,29.8,6
387,1/2/16 9:00,13.88,-73.8710022,40.77373123,-73.93960571,40.65830612,42.3,6
388,1/2/16 9:00,3.1,-73.87081146,40.77387238,-73.89331818,40.74398041,11.8,3
389,1/2/16 9:00,8.66,-73.87099457,40.77369308,-73.98777008,40.74856949,32.34,6
390,1/2/16 9:01,11.2,-73.87081909,40.7737236,-73.98623657,40.76200104,38.34,9
391,1/2/16 9:01,11.5,-73.87298584,40.77419662,-73.89183807,40.66391754,33.8,0
392,1/2/16 9:01,12.23,-73.87081909,40.77381134,-73.94429016,40.77199173,42.84,2
393,1/2/16 9:01,9.09,-73.87083435,40.77370453,-73.95722198,40.77165604,39.41,0
394,1/2/16 9:02,7.67,-73.87097168,40.77381134,-73.95201111,40.78639221,28.84,6
395,1/2/16 9:02,3.8,-73.87408447,40.77305222,-73.9282074,40.76345444,13.8,6
396,1/2/16 9:03,14.8,-73.87078094,40.77378082,-74.01547241,40.70501709,60.24,5
397,1/2/16 9:03,10.8,-73.87081909,40.77383423,-73.98575592,40.77672958,39.34,9
398,1/2/16 9:04,9.19,-73.87107849,40.77393723,-73.9865799,40.75834656,39.41,0
399,1/2/16 9:04,9.42,-73.87088013,40.77368927,-73.98596191,40.75844955,41.81,2
400,1/2/16 9:04,2.3,-73.87083435,40.77375412,-73.87583923,40.74719238,11.8,6
401,1/2/16 9:04,7.59,-73.87158203,40.77415085,-73.95465851,40.72942352,27.96,1
402,1/2/16 9:04,9.84,-73.87215424,40.77416229,-73.96982574,40.76626205,34.34,5
403,1/2/16 9:05,10.55,-73.87081909,40.77371979,-73.97785187,40.75490189,44.21,1
404,1/2/16 9:05,3.2,-73.87096405,40.7737999,-73.89087677,40.74688339,16,5
405,1/2/16 9:06,8.4,-73.87064362,40.77359772,-73.98186493,40.74346161,36.99,0
406,1/2/16 9:06,8.77,-73.87096405,40.77373886,-73.96219635,40.7772522,37.34,0
407,1/2/16 9:06,10.9,-73.87085724,40.77376938,-73.9797287,40.77630997,38.34,4
408,1/2/16 9:06,8.85,-73.8707428,40.77380371,-73.99264526,40.75443268,32.34,1
409,1/29/16 11:49,10.8,-73.87094879,40.77380371,-73.98293304,40.75710678,42.84,3
410,1/2/16 20:49,0,-73.87016296,40.77352142,-73.87016296,40.77352142,3.8,6
411,1/1/16 3:06,1.22,-73.87368011,40.77421951,-73.87612915,40.76913834,8.76,0
412,1/1/16 3:36,9.84,-73.87241364,40.7744751,-73.9542923,40.69477463,28.8,0
413,1/29/16 11:49,11.08,-73.87101746,40.77391052,-73.98084259,40.76353836,42.34,0
414,1/29/16 11:49,11.1,-73.87090302,40.77371216,-73.96865845,40.7558403,49.14,0
415,1/29/16 11:49,15.1,-73.87284088,40.7741394,-74.00930786,40.71525574,53.8,5
416,1/29/16 11:50,10.2,-73.87458801,40.77411652,-73.96858978,40.75847244,47.92,0
417,1/1/16 3:54,1.05,-73.87314606,40.77431488,-73.86196136,40.7685585,6.3,0
418,1/1/16 3:57,1.2,-73.87374115,40.77390289,-73.86184692,40.76843643,7.3,1
419,1/1/16 4:32,8.9,-73.87297058,40.77428436,-73.96977997,40.79684448,39.39,0
420,1/1/16 5:09,5.8,-73.87355804,40.77420425,-73.92203522,40.73767853,18.8,4
421,1/1/16 5:09,7.9,-73.87312317,40.77415085,-73.80680084,40.68783569,23.8,3
422,1/1/16 5:09,4.16,-73.87333679,40.77383041,-73.93106079,40.75769043,20.3,0
423,1/1/16 5:23,15.83,-73.87312317,40.77412033,-73.98983765,40.63650131,44.3,0
424,1/1/16 5:31,7.1,-73.87312317,40.7743454,-73.81591034,40.69595337,22.3,5
425,1/1/16 5:39,7.3,-73.87078094,40.77429581,-73.94480133,40.8030014,35.79,1
426,1/1/16 5:49,1.7,-73.87223816,40.77436066,-73.91984558,40.73789597,11.62,9
427,1/1/16 6:16,9.1,-73.87086487,40.77373886,-73.99648285,40.75349426,38.79,3
428,1/1/16 6:16,13,-73.87089539,40.77438354,-73.77638245,40.64584351,44.75,0
429,1/1/16 6:23,12.36,-73.87108612,40.77350616,-73.77671814,40.6448555,41.16,0
430,1/1/16 6:27,12.4,-73.87101746,40.77370453,-73.77649689,40.64593887,42.95,0
431,1/1/16 6:35,11.7,-73.87294006,40.7741394,-73.789711,40.64699554,32.8,3
432,1/1/16 6:40,13.62,-73.87330627,40.77436829,-73.83706665,40.88404846,43.34,0
433,1/1/16 6:42,2.29,-73.87399292,40.77383041,-73.86959839,40.7493515,10.3,2
434,1/1/16 6:42,9.7,-73.87110901,40.77355194,-73.9863205,40.77240753,31.3,0
435,1/1/16 6:49,3.39,-73.87174225,40.7742691,-73.87407684,40.74895096,14.3,7
436,1/1/16 6:51,9.85,-73.87327576,40.77400208,-74.00363922,40.73934937,41.81,3
437,1/1/16 6:54,8.6,-73.87086487,40.77375031,-73.96884918,40.80137253,39.99,8
438,1/1/16 6:55,6.6,-73.87467957,40.77392197,-73.94759369,40.80954742,34.24,0
439,1/1/16 6:56,10.44,-73.87275696,40.77399063,-73.98908997,40.73514938,36.36,0
440,1/1/16 6:59,11.57,-73.87252045,40.77447128,-73.96836853,40.85490036,73.34,0
441,1/1/16 7:01,6.77,-73.87336731,40.77394485,-73.94303894,40.71318817,20.8,6
442,1/1/16 7:04,6.7,-73.87107086,40.77394104,-73.9499588,40.71760559,25,9
443,1/1/16 7:19,12.58,-73.87097168,40.7742157,-73.77680206,40.64481354,41,0
444,1/1/16 7:22,10.5,-73.87317657,40.774086,-73.78517914,40.66637802,37.25,0
445,1/1/16 7:23,1.34,-73.87106323,40.77375031,-73.86164856,40.76826096,8.16,7
446,1/1/16 7:26,0.18,-73.87306213,40.77415085,-73.8797226,40.77043152,3.8,3
447,1/1/16 7:27,12.2,-73.8729248,40.77402878,-73.79039764,40.64680099,38.3,7
448,1/1/16 7:47,12.55,-73.87301636,40.77406311,-73.93165588,40.66714859,38.3,0
449,1/1/16 7:52,23.7,-73.87106323,40.77368927,-73.95481873,40.69264984,89.75,8
450,1/1/16 7:55,9.06,-73.87098694,40.77370071,-73.95279694,40.766819,37.84,5
451,1/1/16 7:55,8.5,-73.87033844,40.77347946,-73.95529175,40.77173996,34.34,0
452,1/1/16 7:56,12.5,-73.8710022,40.77366257,-73.86071014,40.87515259,45.34,7
453,1/1/16 7:56,6.95,-73.87111664,40.77376175,-73.90659332,40.70140839,29.64,7
454,1/1/16 7:57,14.2,-73.87068176,40.77357101,-73.95317841,40.67132187,43.3,0
455,1/1/16 7:59,6.7,-73.8711319,40.77386475,-73.94493103,40.8032341,26.84,0
456,1/1/16 8:02,7,-73.87106323,40.77379608,-73.95217896,40.72434616,22.3,4
457,1/1/16 8:02,8.2,-73.87081909,40.77365875,-73.80786896,40.7011261,29.76,4
458,1/1/16 8:03,13.02,-73.87059021,40.77348709,-73.93745422,40.66745377,41.8,0
459,1/1/16 8:04,11.1,-73.8711319,40.77357864,-73.98352814,40.75858688,45.4,0
460,1/1/16 8:04,9,-73.8710022,40.77375031,-73.94341278,40.69452667,28.3,1
461,1/1/16 8:05,8.75,-73.87147522,40.77390289,-73.97383118,40.74772263,30.84,5
462,1/1/16 8:05,15.36,-73.87171173,40.77394104,-73.89070129,40.62995148,46.8,5
463,1/1/16 8:06,10.7,-73.87052917,40.77344513,-73.97422791,40.75834656,36.34,4
464,1/1/16 8:07,4.05,-73.87003326,40.77347183,-73.93267822,40.76742935,17.16,1
465,1/1/16 8:07,7.88,-73.87217712,40.77403259,-73.94618988,40.820755,36.84,4
466,1/1/16 8:08,10.1,-73.87095642,40.77372742,-73.98886108,40.7276268,36.6,0
467,1/1/16 8:08,9.8,-73.87083435,40.77371979,-73.92745209,40.85325241,40.59,7
468,1/1/16 8:09,15.31,-73.87098694,40.7736969,-74.01732635,40.70506668,47.84,0
469,1/1/16 8:10,10.54,-73.86973572,40.77341843,-73.98070526,40.76459885,44.21,0
470,1/1/16 8:10,8.5,-73.87083435,40.77367401,-73.98569489,40.75146866,30.34,5
471,1/1/16 8:11,8.9,-73.87090302,40.77366257,-73.9373703,40.69303131,27.8,0
472,1/1/16 8:11,7.66,-73.87414551,40.77336121,-73.9070282,40.7000885,28.3,0
473,1/1/16 8:12,8.6,-73.87093353,40.77365875,-73.96916199,40.75653839,33.35,0
474,1/1/16 8:13,11.08,-73.8710556,40.77373505,-73.98609161,40.76186752,45.41,0
475,1/1/16 8:14,3.2,-73.87099457,40.77372742,-73.91993713,40.77428818,15.35,0
476,1/1/16 8:14,11.18,-73.87084961,40.77368164,-73.90444183,40.80881882,39.34,0
477,1/1/16 8:15,19.97,-73.87095642,40.77380753,-73.91434479,40.61702728,56.8,0
478,1/1/16 8:15,8.1,-73.87010193,40.77353668,-73.95367432,40.78072357,30.34,7
479,1/1/16 8:16,9.04,-73.8744278,40.77402115,-73.99182129,40.75022888,38.81,1
480,1/1/16 8:16,9.3,-73.87101746,40.77388763,-73.96468353,40.68325806,34.75,0
481,1/1/16 8:16,2.6,-73.87313843,40.77413177,-73.9174881,40.77109528,12.35,6
482,1/1/16 8:17,9.4,-73.87123108,40.77381516,-73.98486328,40.76055145,34.34,7
483,1/1/16 8:17,8.78,-73.8708725,40.77365875,-73.97531891,40.7435112,40.42,1
484,1/1/16 8:18,14,-73.87095642,40.77381897,-74.00486755,40.72785568,54.99,1
485,1/1/16 8:19,9.99,-73.86946106,40.77243042,-73.99124908,40.7197113,29.3,7
486,1/1/16 8:19,0,-73.87116241,40.77432251,-73.87109375,40.77428436,5.84,6
487,1/1/16 8:20,7.87,-73.87096405,40.7736702,-73.94777679,40.77544403,23.3,0
488,1/1/16 8:20,11.5,-73.87313843,40.77413177,-74.00809479,40.70928574,33.3,0
489,1/1/16 8:21,15.1,-73.8709259,40.77383041,-73.90235901,40.9055481,46.84,0
490,1/1/16 8:21,9.33,-73.87440491,40.77407455,-73.97888184,40.76226044,32.84,3
491,1/1/16 8:22,0,-73.87128448,40.77415848,-73.87128448,40.77429962,3.3,3
492,1/1/16 8:22,2.42,-73.87300873,40.77397156,-73.90132141,40.77428055,13.39,2
493,1/1/16 8:22,9.64,-73.87300873,40.77401352,-73.9894104,40.75889969,41.21,1
494,1/1/16 8:23,8.7,-73.87285614,40.77417374,-73.94425201,40.69894791,34.75,9
495,1/1/16 8:23,0.24,-73.87391663,40.7736969,-73.87698364,40.77190399,5.8,9
496,1/1/16 8:23,10,-73.87602997,40.77340698,-73.97947693,40.68829727,29.3,0
497,1/1/16 8:23,8.9,-73.87445068,40.77403259,-73.98579407,40.74020767,39.8,8
498,1/1/16 8:24,11.7,-73.87290955,40.77381897,-73.79003143,40.64690781,42.25,0
499,1/1/16 8:25,7,-73.87086487,40.77371216,-73.92481995,40.818367,27.34,0
500,1/1/16 8:25,4,-73.87184906,40.77401352,-73.89247894,40.75858688,13.3,6
501,1/1/16 8:26,1.6,-73.87078094,40.77360153,-73.88632202,40.76613998,9.3,3
502,1/1/16 8:29,8.14,-73.87312317,40.77415848,-73.96897888,40.75605011,25.8,5
503,1/1/16 8:30,5.36,-73.87104797,40.77354813,-73.87220001,40.73918152,22.88,0
504,1/1/16 8:30,11.6,-73.8731308,40.77393341,-73.7898941,40.64321136,34.3,0
505,1/1/16 8:30,8.2,-73.87056732,40.77202225,-73.95309448,40.77585602,35.19,2
506,1/1/16 8:31,8.2,-73.8708725,40.77377319,-73.98081207,40.74491882,37,2
507,1/1/16 8:31,9.41,-73.87075806,40.77370071,-73.98007202,40.73741531,35.76,4
508,1/1/16 8:31,2.85,-73.87306213,40.77389526,-73.89259338,40.74717331,12.96,6
509,1/1/16 8:33,3.7,-73.87094879,40.77383423,-73.91609192,40.74921417,16,4
510,1/1/16 8:33,4.39,-73.87081909,40.77362823,-73.82221985,40.75733948,15.3,0
511,1/1/16 8:33,9.92,-73.87386322,40.77386856,-73.9993515,40.7446785,39.42,7
512,1/1/16 8:33,8.8,-73.87306976,40.77403641,-73.99047089,40.75701523,39.39,8
513,1/1/16 8:34,8.9,-73.87239075,40.77421188,-73.94275665,40.83401108,48.6,7
514,1/1/16 8:34,9.78,-73.87081146,40.77370834,-73.98034668,40.78238297,42.41,0
515,1/1/16 8:34,9.36,-73.87316132,40.774189,-73.98590088,40.72275162,32.8,3
516,1/1/16 8:34,8.43,-73.87085724,40.77394104,-73.9568634,40.77756882,33.34,0
517,1/1/16 8:35,15.72,-73.87097168,40.77365875,-73.89467621,40.63338089,44.3,0
518,1/1/16 8:37,6,-73.87080383,40.77378464,-73.82346344,40.71586227,18.8,5
519,1/1/16 8:37,10.9,-73.87097931,40.77386475,-73.98249054,40.76446533,38.34,4
520,1/1/16 8:38,7.8,-73.87078094,40.77365875,-73.95379639,40.77994156,32.34,0
521,1/1/16 8:38,10.98,-73.87094116,40.77375031,-73.98632813,40.76165009,36.84,0
522,1/1/16 8:38,3.17,-73.87073517,40.77373886,-73.92432404,40.76865768,11.3,0
523,1/1/16 8:39,11,-73.8763504,40.7722435,-73.9132843,40.68538666,35,1
524,1/1/16 8:39,12.98,-73.87364197,40.77396011,-73.93893433,40.66394424,43.8,0
525,1/1/16 8:39,9.82,-73.86959076,40.77305984,-73.9283371,40.86807632,35.76,0
526,1/1/16 8:41,8.48,-73.87082672,40.77370834,-73.77458191,40.72317123,25.3,2
527,1/1/16 8:41,37.57,-73.87088776,40.77374649,-74.02533722,40.61470795,99.8,3
528,1/1/16 8:41,8.22,-73.87084961,40.77365875,-73.94603729,40.77325821,35.81,5
529,1/1/16 8:42,9.7,-73.87090302,40.77367783,-73.94273376,40.84117126,36.84,0
530,1/1/16 8:43,5.26,-73.87094116,40.77371979,-73.84860992,40.72409058,16.8,3
531,1/1/16 8:44,10.96,-73.87467957,40.77397919,-74.00778961,40.73212814,40.38,6
532,1/1/16 8:44,9.6,-73.87085724,40.77367783,-73.98648834,40.71585846,28.3,7
533,1/1/16 8:44,9.52,-73.87088013,40.77371979,-73.80290222,40.7163887,29.3,0
534,1/1/16 8:45,8.6,-73.87082672,40.77371216,-73.80964661,40.67795181,27.3,6
535,1/1/16 8:46,9.8,-73.87080383,40.77378845,-73.85122681,40.83887863,35.34,0
536,1/1/16 8:47,3.7,-73.87088776,40.77362823,-73.88201904,40.74353409,14.3,5
537,1/1/16 8:47,8.1,-73.87089539,40.77372742,-73.93360138,40.6985054,31,2
538,1/1/16 8:47,9.2,-73.87093353,40.77378845,-73.93575287,40.84267044,33.34,5
539,1/1/16 8:47,8.98,-73.87084961,40.77362823,-73.95960236,40.76998901,35.84,6
540,1/1/16 8:47,9.7,-73.87097168,40.77358627,-73.98435974,40.71521378,29.3,8
541,1/1/16 8:48,2.4,-73.8707962,40.7737236,-73.90930939,40.76126862,10.3,4
542,1/1/16 8:49,8.5,-73.87107086,40.77376175,-73.95310211,40.77080917,35.84,0
543,1/1/16 8:49,11.3,-73.87078857,40.77371979,-73.98134613,40.76386261,38.84,1
544,1/1/16 8:50,11.13,-73.8707428,40.77365112,-73.82183075,40.86349106,37.34,8
545,1/1/16 8:50,9.74,-73.87302399,40.77415085,-73.96928406,40.76067352,37.84,0
546,1/1/16 8:50,2.17,-73.87084961,40.77368164,-73.88397217,40.75185013,13.5,9
547,1/1/16 8:50,9.42,-73.87055206,40.77342987,-73.98577118,40.75912094,40.61,5
548,1/1/16 8:51,9.88,-73.87093353,40.7736702,-73.96887207,40.75600815,34.34,9
549,1/1/16 8:56,10.5,-73.8711853,40.77365112,-73.98415375,40.75695038,37.8,0
550,1/1/16 8:56,7.29,-73.8710022,40.7738533,-73.80783844,40.70070648,28.3,3
551,1/1/16 8:57,7.4,-73.87075806,40.77381516,-73.94290161,40.78564453,27.84,2
552,1/1/16 8:59,3.7,-73.87458801,40.77345276,-73.86006927,40.75323868,14.3,1
553,1/1/16 8:59,8.88,-73.87303162,40.77407074,-73.79185486,40.70521545,28.8,7
554,1/1/16 9:00,8.7,-73.87091827,40.77360916,-73.96425629,40.80487061,42.89,4
555,1/1/16 9:00,12.37,-73.87139893,40.77365494,-73.8605957,40.86317825,40.34,9
556,1/1/16 9:00,8.75,-73.87075806,40.77362061,-73.97325134,40.76411819,25.8,0
557,1/1/16 9:01,10.31,-73.87120056,40.7739563,-73.98139954,40.77877045,46.05,7
558,1/1/16 9:02,6.03,-73.87058258,40.77349091,-73.93537903,40.80038071,24.84,9
559,1/1/16 9:02,6.32,-73.87303925,40.77414322,-73.9366684,40.80413055,24.84,7
560,1/1/16 9:06,7.16,-73.87458038,40.7740097,-73.95485687,40.80672455,35.21,0
561,1/1/16 9:08,5.9,-73.87306976,40.77416992,-73.86872864,40.72864914,25.3,3
562,1/1/16 9:08,8.73,-73.87093353,40.77371979,-73.98670959,40.7485466,31.34,0
563,1/1/16 9:08,11.4,-73.87316895,40.77410889,-73.99177551,40.7557106,38.84,5
564,1/1/16 9:09,10.3,-73.87297821,40.77420044,-73.97546387,40.75240707,34.84,5
565,1/1/16 9:09,13.84,-73.87075806,40.77366257,-73.89424896,40.64148331,39.3,8
566,1/1/16 9:09,3.82,-73.87110901,40.77383804,-73.93096161,40.76083755,16.56,7
567,1/1/16 9:11,8.15,-73.87064362,40.77349091,-73.9465332,40.77246094,36.41,0
568,1/1/16 9:11,9.5,-73.87078857,40.77368927,-73.9936142,40.72462463,33,7
569,1/1/16 9:11,14.39,-73.87094879,40.77364349,-73.94413757,40.64927673,43.3,8
570,1/1/16 9:12,12.27,-73.8731308,40.77415848,-73.99279022,40.75447845,49.61,8
571,1/1/16 9:13,10.89,-73.87088013,40.77379227,-73.98081207,40.76340866,45.41,0
572,1/1/16 9:14,3,-73.87106323,40.77342606,-73.90538025,40.75616455,11.3,0
573,1/1/16 9:15,7.52,-73.87101746,40.77358246,-73.94927979,40.78438187,28.84,3
574,1/1/16 9:16,3.85,-73.87290955,40.77433014,-73.90869141,40.77141953,13.3,3
575,1/1/16 9:16,8.1,-73.87300873,40.77403641,-73.93736267,40.82756805,30.84,0
576,1/1/16 9:16,8.35,-73.86981964,40.77252197,-73.94859314,40.77749252,30.84,0
577,1/1/16 9:18,11.61,-73.87081909,40.77373886,-73.84623718,40.86600113,38.34,1
578,1/1/16 9:19,17.53,-73.87094116,40.77376938,-74.03148651,40.74486923,123.96,3
579,1/1/16 9:20,12,-73.87303925,40.77413177,-73.740242,40.69688034,34.3,7
580,1/1/16 9:20,11.3,-73.87312317,40.77417374,-73.9859314,40.75074768,38.34,0
581,1/1/16 9:22,11,-73.87110138,40.77377319,-73.83813477,40.85955048,36.34,6
582,1/1/16 9:22,11.26,-73.87307739,40.77412033,-73.9848938,40.75196075,45.41,7
583,1/1/16 9:22,8.77,-73.87316895,40.77415848,-73.99171448,40.74939728,32.34,7
584,1/1/16 9:22,10.4,-73.8708725,40.77375031,-73.92546844,40.86509705,45.34,4
585,1/1/16 9:25,3.65,-73.87467194,40.77412033,-73.88981628,40.7401619,13.8,3
586,1/1/16 9:26,6.83,-73.87464142,40.77391815,-73.93682098,40.81583023,32.21,1
587,1/1/16 9:27,10.5,-73.87440491,40.77397537,-73.98072815,40.76464844,43.34,8
588,1/1/16 9:28,8.4,-73.8708725,40.77371597,-73.95612335,40.7758522,36.99,6
589,1/1/16 9:32,9.35,-73.87303925,40.77404785,-73.98576355,40.75883484,34.84,3
590,1/1/16 9:34,3.42,-73.87294769,40.77410126,-73.91558838,40.7796402,11.8,0
591,1/1/16 9:34,0,-73.86976624,40.77248764,-73.86976624,40.77248764,3.3,0
592,1/1/16 9:35,11.2,-73.87099457,40.77367401,-73.98431396,40.7595253,37.84,8
593,1/1/16 9:36,10.9,-73.87090302,40.77379227,-73.98462677,40.76835632,37.84,3
594,1/1/16 9:45,13.64,-73.87103271,40.77384567,-74.01790619,40.70939636,38.8,0
595,1/1/16 9:45,13.7,-73.8708725,40.77376556,-74.00596619,40.72714233,44.84,5
596,1/1/16 9:45,8.9,-73.87091827,40.77370071,-73.97171021,40.75611115,27.3,3
597,1/1/16 9:47,8.7,-73.87095642,40.77375412,-73.98794556,40.74811554,31.84,8
598,1/1/16 9:48,8.77,-73.8704071,40.77352142,-73.98590851,40.75069046,31.84,0
599,1/1/16 9:48,8.9,-73.87077332,40.77371979,-73.99237823,40.75211334,32.84,1
600,1/1/16 9:51,22.9,-73.87290192,40.77391815,-73.62256622,40.86762619,92.3,3
601,1/1/16 9:55,8.27,-73.87136841,40.77384186,-73.95333862,40.77935028,29.84,2
602,1/1/16 9:56,22.5,-73.87123871,40.77378082,-73.96273804,40.60456848,65.3,5
603,1/1/16 9:56,5.14,-73.87050629,40.77357101,-73.82862854,40.75286865,16.8,0
604,1/1/16 9:56,10.19,-73.87082672,40.77368164,-73.99044037,40.73123169,36.36,3
605,1/1/16 9:57,9.94,-73.87096405,40.77373123,-73.97053528,40.76553726,34.84,7
606,1/1/16 9:57,12.09,-73.87010193,40.7731781,-73.98525238,40.66439819,39.8,3
607,1/1/16 9:58,8.89,-73.87084961,40.77373886,-73.95584106,40.76753998,31.34,0
608,1/1/16 9:58,11.9,-73.8707962,40.77370071,-73.98592377,40.74501801,47.84,1
609,1/1/16 9:58,5.4,-73.8728714,40.77399826,-73.92388916,40.74054337,20.75,6
610,1/1/16 9:58,5,-73.87080383,40.77373123,-73.85037994,40.72883987,19.32,5
611,1/1/16 10:00,8.5,-73.87088776,40.77375412,-73.95853424,40.78167343,41.05,9
612,1/1/16 10:01,9.57,-73.87116241,40.77363968,-73.75968933,40.72132111,27.8,7
613,1/1/16 10:03,0.8,-73.87037659,40.77363205,-73.87306213,40.7684288,6.5,0
614,1/1/16 10:03,10.12,-73.87088776,40.77370834,-73.96774292,40.75624847,35.34,9
615,1/1/16 10:03,8.11,-73.87094879,40.77374268,-73.97564697,40.75070953,32.44,4
616,1/1/16 10:04,1.5,-73.87109375,40.77373886,-73.8814621,40.75997162,7.8,7
617,1/1/16 10:04,9.11,-73.87094879,40.77381897,-73.98239899,40.73120117,35.34,9
618,1/1/16 10:05,12.8,-73.87081146,40.77375412,-74.0174942,40.70687866,43.55,1
619,1/1/16 10:06,8.63,-73.8706131,40.77350235,-73.97229767,40.7558403,37.01,7
620,1/1/16 10:06,3.59,-73.87088013,40.77378082,-73.92684937,40.76290131,16.64,0
621,1/1/16 10:06,9.09,-73.87212372,40.77420425,-73.81685638,40.83531189,38.81,0
622,1/1/16 10:07,9.15,-73.87096405,40.7736702,-73.97324371,40.75988388,32.84,1
623,1/1/16 10:08,7.9,-73.8708725,40.77377701,-73.94976044,40.78057098,29.84,5
624,1/1/16 10:08,5.4,-73.87403107,40.77384949,-73.86566162,40.72565079,18.3,1
625,1/1/16 10:08,11.84,-73.87452698,40.77408981,-73.79117584,40.64580917,33.3,0
626,1/1/16 10:09,4.78,-73.87091827,40.77381134,-73.84670258,40.77468109,15.3,7
627,1/1/16 10:09,1.7,-73.87084961,40.77377319,-73.88438416,40.76039886,8.8,7
628,1/1/16 10:10,8.65,-73.8707962,40.77371979,-73.94267273,40.8321991,37.61,6
629,1/1/16 10:10,15.69,-73.8707962,40.77371597,-73.96186829,40.64032745,43.8,0
630,1/1/16 10:10,6.9,-73.87290955,40.77401352,-73.95349121,40.733181,24.95,5
631,1/1/16 10:10,8.68,-73.8747406,40.77406693,-73.95806885,40.77376556,31.34,0
632,1/1/16 10:10,7.4,-73.87075043,40.77348709,-73.95978546,40.81556702,34.84,0
633,1/1/16 10:10,8,-73.87065887,40.77358627,-73.95096588,40.77780533,33.84,6
634,1/1/16 10:11,10.4,-73.87071228,40.77362823,-73.98513031,40.77812576,38.34,4
635,1/1/16 10:11,7.3,-73.87295532,40.77396774,-73.95173645,40.80374908,29.34,9
636,1/1/16 10:11,3.67,-73.87088776,40.77376938,-73.9213562,40.75318146,14.8,0
637,1/1/16 10:11,10.61,-73.87446594,40.77398682,-73.99459076,40.69793701,29.8,7
638,1/1/16 10:11,10.2,-73.87460327,40.77394104,-74.0031662,40.72692871,38.5,0
639,1/1/16 10:11,8.1,-73.87104797,40.77384186,-73.94757843,40.77364731,35.21,2
640,1/1/16 10:12,7.1,-73.87091064,40.77383804,-73.94049835,40.81732941,31.34,0
641,1/1/16 10:13,5.37,-73.87294006,40.77403641,-73.8422699,40.72213364,24.8,5
642,1/1/16 10:13,8.16,-73.87072754,40.7736969,-73.97918701,40.74727631,37.92,0
643,1/1/16 10:14,11.39,-73.87083435,40.77366257,-73.98771667,40.75915146,33.3,2
644,1/1/16 10:14,6.54,-73.87062836,40.77355957,-73.89808655,40.72451019,23.8,0
645,1/1/16 10:15,3.4,-73.87059021,40.77358246,-73.887146,40.74484253,15.36,0
646,1/1/16 10:16,9.4,-73.87076569,40.77367783,-73.96006775,40.75830841,39.41,4
647,1/1/16 10:16,13,-73.87300873,40.77424622,-73.97517395,40.66676712,44.75,0
648,1/1/16 10:16,10,-73.87452698,40.77406311,-73.98625183,40.69269943,34.27,6
649,1/1/16 10:16,7.7,-73.87073517,40.77358246,-73.94602203,40.78211212,33.99,7
650,1/1/16 10:16,10.21,-73.87373352,40.77406693,-73.99258423,40.72406006,31.8,8
651,1/1/16 10:16,6.9,-73.87446594,40.77402496,-73.94714355,40.7142868,22.3,2
652,1/1/16 10:17,6.8,-73.87071991,40.77357483,-73.9417572,40.81034851,32.79,9
653,1/1/16 10:17,6.24,-73.87443542,40.77404785,-73.96453094,40.76159668,26.39,1
654,1/1/16 10:18,9.08,-73.87113953,40.77378082,-73.76531982,40.7213707,26.8,0
655,1/1/16 10:18,10.13,-73.8744812,40.77405167,-73.9752121,40.76514053,42.41,4
656,1/1/16 10:19,10,-73.87071991,40.77365875,-73.98471832,40.74455643,35.8,9
657,1/1/16 10:19,13.35,-73.87306976,40.774189,-73.98487091,40.66513824,39.3,3
658,1/1/16 10:19,8.8,-73.87543488,40.7737236,-73.96420288,40.77408218,33.84,0
659,1/1/16 10:19,4.3,-73.87095642,40.77371979,-73.913414,40.7458725,18.35,7
660,1/1/16 10:19,7.39,-73.8713913,40.77392578,-73.95137024,40.70933914,21.8,0
661,1/1/16 10:19,8.92,-73.87477112,40.77407455,-73.99213409,40.74943924,38.81,8
662,1/1/16 10:19,10.04,-73.87449646,40.774086,-73.98052216,40.78514481,49.18,0
663,1/1/16 10:20,4.1,-73.87078857,40.77367783,-73.92677307,40.75952911,16.8,0
664,1/1/16 10:21,11,-73.87097168,40.77373886,-73.90698242,40.6831665,37.55,0
665,1/1/16 10:21,10.63,-73.87095642,40.77381897,-73.97767639,40.75484848,47.24,1
666,1/1/16 10:22,10.73,-73.87097931,40.77376938,-73.98937988,40.77648163,47.92,0
667,1/1/16 10:22,0,-73.87095642,40.77412033,-73.87095642,40.77410889,45.3,4
668,1/1/16 10:22,11.88,-73.87328339,40.77413559,-73.79048157,40.6467514,33.3,5
669,1/1/16 10:23,8.85,-73.87088013,40.77381134,-73.95274353,40.76638031,39.8,8
670,1/1/16 10:23,16.4,-73.87297821,40.77407837,-73.82911682,40.8543396,51.34,0
671,1/1/16 10:23,3.2,-73.87466431,40.77398682,-73.87466431,40.77398682,10.34,7
672,1/1/16 10:23,12.78,-73.87475586,40.77394104,-73.99234772,40.75651169,42.84,6
673,1/1/16 10:23,1.37,-73.87297058,40.77416992,-73.89414215,40.76856995,7.3,2
674,1/1/16 10:24,8.08,-73.87309265,40.77394867,-73.80581665,40.68099976,23.3,1
675,1/1/16 10:24,3.58,-73.87129211,40.77400589,-73.88404846,40.74589157,12.8,1
676,1/1/16 10:24,3.97,-73.87296295,40.7740593,-73.8755722,40.73711014,15.8,0
677,1/1/16 10:24,10.5,-73.87297058,40.77413559,-73.8263092,40.66337204,35.8,0
678,1/1/16 10:25,8.51,-73.87097168,40.77368927,-73.91968536,40.70500946,30.96,5
679,1/1/16 10:26,7.4,-73.87288666,40.77401733,-73.94880676,40.78869629,28.34,9
680,1/1/16 10:26,11,-73.8744278,40.77399826,-73.98609924,40.75819016,38.34,3
681,1/1/16 10:26,9.3,-73.87552643,40.7731514,-73.9829483,40.7558403,33.34,3
682,1/1/16 10:26,7.06,-73.87387848,40.77374268,-73.8082428,40.78290176,22.3,0
683,1/1/16 10:26,11.7,-73.87298584,40.77393723,-73.7900238,40.6432457,32.8,0
684,1/1/16 10:26,8.9,-73.87314606,40.77417374,-73.98453522,40.75722504,32.84,0
685,1/1/16 10:27,9.22,-73.87470245,40.77407074,-73.98491669,40.76065063,33.34,2
686,1/1/16 10:27,12.26,-73.87358856,40.77394485,-73.91500092,40.87881851,50.42,8
687,1/1/16 10:27,10.83,-73.8728714,40.77423096,-73.98226929,40.76296997,44.81,0
688,1/1/16 10:28,10.79,-73.87322998,40.77418137,-73.98174286,40.76535034,38.84,0
689,1/1/16 10:29,10.81,-73.87306213,40.77418137,-73.9821701,40.76517105,38.84,7
690,1/1/16 10:29,12,-73.87419128,40.7740097,-73.98274994,40.73221588,47.2,8
691,1/1/16 10:31,11.1,-73.87098694,40.77368927,-73.97907257,40.67858124,31.8,0
692,1/1/16 10:31,11.27,-73.87081909,40.77376556,-73.99580383,40.71857071,34.8,2
693,1/1/16 10:32,14.94,-73.8707962,40.7736702,-74.00701904,40.70761871,47.34,8
694,1/1/16 10:33,9.1,-73.87075043,40.77359009,-73.98192596,40.75566101,32.84,5
695,1/1/16 10:33,10.9,-73.8711853,40.77397156,-73.85405731,40.80527878,42.8,0
696,1/1/16 10:35,8.47,-73.87106323,40.77381134,-73.9776535,40.75059128,30.34,3
697,1/1/16 10:38,9.4,-73.87098694,40.77360153,-73.98503113,40.75684738,34.34,0
698,1/1/16 10:38,9,-73.8708725,40.77373886,-73.98839569,40.75758362,37.34,5
699,1/1/16 10:38,10.2,-73.8705368,40.77354813,-74.00759125,40.74085236,36.84,0
700,1/1/16 10:42,9.6,-73.87089539,40.77371216,-73.96043396,40.7630806,34.34,0
701,1/1/16 10:42,12.1,-73.87073517,40.77362061,-73.78263855,40.64395905,33.8,0
702,1/1/16 10:43,8.9,-73.87287903,40.77394485,-73.98606873,40.71903992,29.8,2
703,1/1/16 10:44,6.88,-73.87082672,40.77365875,-73.9573288,40.73279953,26.76,4
704,1/1/16 10:44,11.6,-73.87075806,40.77361679,-73.93431091,40.66455841,35.8,3
705,1/1/16 10:45,8.88,-73.87084198,40.77372742,-73.97669983,40.74992752,31.84,3
706,1/1/16 10:45,7.14,-73.8710022,40.77373886,-73.95574188,40.81393814,28.34,9
707,1/1/16 10:45,8.31,-73.86995697,40.77293777,-73.95497894,40.77334595,35.81,2
708,1/1/16 10:47,8.8,-73.87106323,40.77384186,-73.93956757,40.69121552,27.8,4
709,1/1/16 10:48,1.15,-73.87116241,40.77383041,-73.88053131,40.76765823,5.8,0
710,1/1/16 10:52,3.18,-73.87301636,40.77394104,-73.90341187,40.74591064,11.8,0
711,1/1/16 10:52,9.6,-73.87293243,40.77390289,-73.96790314,40.68032837,35.35,8
712,1/1/16 10:58,6.43,-73.87303925,40.77418137,-73.94229889,40.71759033,19.8,5
713,1/1/16 10:58,6.1,-73.87126923,40.77377319,-73.82918549,40.71053314,18.8,7
714,1/1/16 10:59,8.45,-73.87293243,40.77412033,-73.96746063,40.79375076,31.34,0
715,1/1/16 11:00,12.37,-73.87297821,40.77421951,-74.0082016,40.70769119,41.76,7
716,1/1/16 11:01,7.3,-73.87100983,40.77382278,-73.92358398,40.82500839,33.34,0
717,1/1/16 11:03,12.32,-73.87056732,40.77351379,-73.9078598,40.88375092,52.44,0
718,1/1/16 11:03,8.4,-73.87102509,40.77371979,-73.97738647,40.74298477,36.41,3
719,1/1/16 11:04,3.44,-73.87358093,40.77377701,-73.92673492,40.76519012,12.8,9
720,1/1/16 11:04,11.47,-73.87081146,40.7736969,-73.98544312,40.75198746,47.21,0
721,1/1/16 11:04,7.4,-73.8708725,40.77367401,-73.81381989,40.69382858,22.8,7
722,1/1/16 11:04,3.3,-73.87358093,40.77404022,-73.91683197,40.76437759,15.95,6
723,1/1/16 11:05,9.4,-73.87083435,40.77368164,-73.98549652,40.76123047,33.34,2
724,1/1/16 11:05,7.77,-73.87078094,40.77370834,-73.95146179,40.7802887,32.84,8
725,1/1/16 11:05,10.45,-73.87297058,40.77421188,-73.97879028,40.7645607,44.21,2
726,1/1/16 11:06,21.3,-73.87280273,40.77345657,-74.08882904,40.59521484,68.38,0
727,1/1/16 11:06,10.9,-73.87094879,40.77378464,-73.91778564,40.8727417,44.19,0
728,1/1/16 11:07,0.7,-73.87466431,40.77398682,-73.87466431,40.77398682,6.8,0
729,1/1/16 11:07,9.3,-73.87089539,40.77366257,-73.97911072,40.76190567,39.34,0
730,1/1/16 11:07,10,-73.87089539,40.77370071,-73.99993134,40.72410583,30.8,0
731,1/1/16 11:07,11.1,-73.87068939,40.77365875,-73.98267365,40.73683167,39.8,0
732,1/1/16 11:07,10.7,-73.87084961,40.77368546,-73.97809601,40.76462555,37.84,0
733,1/1/16 11:09,31.88,-73.87310791,40.77396393,-74.18359375,40.68832016,115.84,7
734,1/1/16 11:10,12.04,-73.87343597,40.77404404,-74.00934601,40.71535873,34.8,9
735,1/1/16 11:10,9.62,-73.87306976,40.77426147,-73.99964142,40.71955109,29.3,7
736,1/1/16 11:11,8.15,-73.87303162,40.77421951,-73.87307739,40.82234955,29.34,0
737,1/1/16 11:12,10.3,-73.8746109,40.77408981,-73.97486877,40.75851822,35.84,7
738,1/1/16 11:12,11.68,-73.87290192,40.77413559,-73.90914154,40.68901062,32.8,4
739,1/1/16 11:13,9.6,-73.87069702,40.77394485,-73.97897339,40.76138306,34.34,6
740,1/1/16 11:14,9.53,-73.87316895,40.77412033,-73.98143005,40.71480179,34,0
741,1/1/16 11:14,9.4,-73.87297058,40.77415848,-73.96154785,40.75577164,39.39,0
742,1/1/16 11:14,11.62,-73.8730011,40.77403641,-73.81632233,40.81596756,38.34,0
743,1/1/16 11:14,10.42,-73.87523651,40.77388382,-73.97419739,40.7505188,42.41,2
744,1/1/16 11:15,7.9,-73.8746109,40.77413559,-73.95214081,40.78118515,29.84,0
745,1/1/16 11:16,8.7,-73.87291718,40.77415848,-73.92430115,40.69903183,27.3,0
746,1/1/16 11:16,5.3,-73.87295532,40.77410126,-73.85198975,40.72389984,17.8,6
747,1/1/16 11:16,8.89,-73.87447357,40.77402115,-73.97229767,40.75588989,32.34,3
748,1/1/16 11:16,8.73,-73.87304688,40.77409363,-73.97921753,40.76529694,28.8,9
749,1/1/16 11:17,5.07,-73.87308502,40.77409744,-73.84718323,40.72312164,22.49,2
750,1/1/16 11:17,10.39,-73.87347412,40.77423859,-73.97859192,40.76179504,35.84,0
751,1/1/16 11:17,11.1,-73.87454224,40.77404785,-73.9890976,40.7575798,43.34,0
752,1/1/16 11:18,6.6,-73.87507629,40.77402115,-73.94419098,40.71673584,21.8,5
753,1/1/16 11:18,10.68,-73.87379456,40.77381134,-73.9814682,40.76861572,37.34,9
754,1/1/16 11:18,10.02,-73.87322998,40.77415848,-73.97901154,40.7833519,36.34,0
755,1/1/16 11:19,16.3,-73.87400818,40.77368546,-73.99930573,40.63207626,44.8,0
756,1/1/16 11:20,8.23,-73.87478638,40.7739296,-73.97846222,40.74753952,36.8,4
757,1/1/16 11:20,5.79,-73.87311554,40.77414703,-73.95298767,40.74602509,23.16,0
758,1/1/16 11:20,9.73,-73.87464142,40.77408981,-73.9788208,40.78676987,36.34,2
759,1/1/16 11:20,12.46,-73.87320709,40.77404404,-73.95740509,40.66275406,36.3,0
760,1/1/16 11:21,9.29,-73.87319183,40.77404022,-73.96351624,40.76168823,39.41,9
761,1/1/16 11:21,2.63,-73.87332153,40.77396011,-73.86666107,40.76773071,11.3,5
762,1/1/16 11:21,9.13,-73.87489319,40.77406311,-73.99388885,40.74565125,39.41,2
763,1/1/16 11:21,8,-73.87447357,40.77406693,-73.97515869,40.74443817,35.19,0
764,1/1/16 11:21,7.9,-73.87451172,40.77410126,-73.95185852,40.77861786,38.79,2
765,1/1/16 11:22,17.21,-73.87478638,40.77389908,-73.62805939,40.79032135,60.8,0
766,1/1/16 11:23,9.5,-73.87447357,40.77406311,-73.91113281,40.70487976,34.8,0
767,1/1/16 11:23,9.1,-73.87444305,40.77404404,-73.9917984,40.74417114,39.99,0
768,1/1/16 11:23,9.37,-73.87328339,40.7739563,-73.98605347,40.75759125,45.94,4
769,1/1/16 11:23,6.56,-73.87486267,40.77401733,-73.95386505,40.74329758,24.75,6
770,1/1/16 11:24,11.5,-73.8744812,40.77413559,-73.99008179,40.7556572,39.84,2
771,1/1/16 11:24,9.5,-73.87300873,40.77408981,-73.9406662,40.85144806,39.39,5
772,1/1/16 11:24,7.63,-73.87091827,40.77362061,-73.94571686,40.7781601,35.42,0
773,1/1/16 11:24,11.76,-73.87301636,40.77421188,-73.99861145,40.68167114,33.3,5
774,1/1/16 11:24,12,-73.87291718,40.77423096,-73.99900818,40.67736053,40.56,8
775,1/1/16 11:24,9,-73.8727417,40.77420044,-73.98435211,40.75842285,39.39,0
776,1/1/16 11:24,6.9,-73.87445068,40.77403259,-73.94662476,40.80480194,31.34,2
777,1/1/16 11:24,10.88,-73.87445831,40.77403259,-73.97921753,40.76395416,42.84,0
778,1/1/16 11:25,10.6,-73.87454987,40.7740593,-73.97531128,40.75762177,43.61,0
779,1/1/16 11:25,8.97,-73.86994934,40.77323151,-73.994133,40.75329971,42.69,0
780,1/1/16 11:25,7.4,-73.8746109,40.77412033,-73.94868469,40.80399704,28.84,0
781,1/1/16 11:25,10.11,-73.87106323,40.77390289,-73.85800171,40.8396759,35.34,0
782,1/1/16 11:26,10.77,-73.87468719,40.77412033,-73.98139954,40.76911926,44.81,0
783,1/1/16 11:26,9.3,-73.87297058,40.77417374,-73.97661591,40.69438934,27.3,0
784,1/1/16 11:26,2.5,-73.87319183,40.77409363,-73.89498138,40.75641632,10.3,9
785,1/1/16 11:26,6.4,-73.87110901,40.77381134,-73.95420837,40.7419281,19.3,0
786,1/1/16 11:26,11.4,-73.87447357,40.773983,-74.00893402,40.71528625,40.55,0
787,1/1/16 11:26,9.6,-73.87258911,40.77426529,0,0,35.84,8
788,1/1/16 11:26,12.18,-73.87512207,40.77381134,-73.78225708,40.64421844,33.8,0
789,1/1/16 11:27,11.51,-73.8730011,40.7740593,-73.98205566,40.67223358,42.36,1
790,1/1/16 11:27,11.8,-73.87454224,40.7741127,-74.00968933,40.70622253,41.15,2
791,1/1/16 11:27,9.96,-73.87307739,40.77417374,-73.94236755,40.68943405,35.3,1
792,1/1/16 11:27,8.82,-73.87459564,40.77410889,-73.98579407,40.7551384,32.34,8
793,1/1/16 11:27,9.08,-73.87094116,40.77375412,-73.95582581,40.76396179,31.84,0
794,1/1/16 11:28,6.5,-73.87445831,40.77394104,-73.81954956,40.72261047,20.3,0
795,1/1/16 11:28,9.2,-73.87312317,40.77417755,-73.9729538,40.69393158,32.75,8
796,1/1/16 11:28,12.09,-73.87300873,40.774189,-73.88188171,40.8682785,50.84,8
797,1/1/16 11:29,8.4,-73.8745575,40.77409744,-73.94056702,40.69272614,31.55,0
798,1/1/16 11:29,8.7,-73.87448883,40.77402878,-73.96622467,40.69467926,27.83,4
799,1/1/16 11:29,10.25,-73.87449646,40.77412033,-74.00756836,40.74091721,36.84,3
800,1/1/16 11:29,11,-73.87304688,40.77428055,-73.98684692,40.67308044,37.3,0
801,1/1/16 11:29,10.39,-73.87577057,40.77351379,-73.97665405,40.76249313,36.84,9
802,1/1/16 11:29,7.17,-73.87441254,40.77400208,-73.96392822,40.76128387,29.76,0
803,1/1/16 11:29,9.3,-73.87100983,40.77352905,-73.98889923,40.73654938,40.01,5
804,1/1/16 11:30,9.4,-73.87295532,40.77410889,-73.99271393,40.75656891,34.84,6
805,1/1/16 11:30,10.28,-73.87078094,40.77370071,-73.97261047,40.67498779,32.3,0
806,1/1/16 11:30,11.31,-73.87107086,40.77362061,-73.98821259,40.76156998,41.84,7
807,1/1/16 11:30,8.55,-73.87322235,40.77394867,-73.98828888,40.7508812,82.84,5
808,1/1/16 11:30,10.26,-73.87451172,40.77410889,-73.97486877,40.75622177,41.81,7
809,1/1/16 11:30,8.04,-73.8744812,40.7740593,-73.95394135,40.80794525,36.41,0
810,1/1/16 11:30,15.1,-73.8730011,40.77412033,-74.00722504,40.70741272,47.34,0
811,1/1/16 11:30,8.56,-73.87444305,40.77397156,-73.97731018,40.75170898,30.84,0
812,1/1/16 11:31,5.8,-73.87082672,40.77370453,-73.94343567,40.76892471,23.3,2
813,1/1/16 11:31,28.98,-73.87065887,40.77354813,-73.91451263,40.60744858,76.3,6
814,1/1/16 11:31,10.6,-73.87030029,40.77364731,-73.97524261,40.75875854,35.84,1
815,1/1/16 11:31,11.37,-73.87058258,40.77349854,-73.97902679,40.6740303,33.8,0
816,1/1/16 11:31,9.6,-73.87302399,40.77415848,-73.97606659,40.77869797,41.19,4
817,1/1/16 11:31,2.58,-73.87299347,40.77417374,-73.91742706,40.77095795,11.76,3
818,1/1/16 11:31,3.81,-73.8761673,40.77334595,-73.91355896,40.74461746,15.96,1
819,1/1/16 11:32,10.8,-73.87267303,40.77421951,-73.98748016,40.76796341,49.84,0
820,1/1/16 11:32,11.14,-73.87284851,40.77421951,-73.94687653,40.67501831,34.3,7
821,1/1/16 11:32,9.4,-73.8745575,40.77414322,-73.9916153,40.74608231,34.84,0
822,1/1/16 11:32,12.56,-73.87315369,40.77415848,-74.01006317,40.70487976,36.3,5
823,1/1/16 11:32,8.46,-73.87347412,40.77398682,-73.8890152,40.83153152,29.84,6
824,1/1/16 11:32,8.2,-73.87452698,40.7741127,-73.95500183,40.77753067,30.34,7
825,1/1/16 11:32,7.93,-73.87506866,40.77397919,-73.97389221,40.74952698,34.61,0
826,1/1/16 11:33,5.65,-73.87521362,40.77390289,-73.84536743,40.72230911,17.8,0
827,1/1/16 11:33,13.14,-73.87322235,40.7740097,-73.98908234,40.7245903,43.84,6
828,1/1/16 11:33,9.1,-73.87274933,40.77425003,-73.97590637,40.76557541,29.3,0
829,1/1/16 11:33,10.99,-73.8708725,40.77381897,-73.98577881,40.75751877,37.84,0
830,1/1/16 11:33,6.8,-73.87276459,40.77425385,-73.94029999,40.81472778,30.84,0
831,1/1/16 11:33,9.31,-73.87438965,40.77402115,-73.97894287,40.71989822,29.8,0
832,1/1/16 11:33,10.3,-73.87097931,40.77355576,-73.9769516,40.76504898,48.84,9
833,1/1/16 11:33,6.8,-73.87078857,40.77360535,-73.93942261,40.72367859,22.3,0
834,1/1/16 11:33,12.53,-73.87296295,40.774189,-73.97821808,40.72951126,49.01,0
835,1/1/16 11:34,9,-73.87309265,40.77408981,-73.97579193,40.79357147,42.92,3
836,1/1/16 11:34,10.9,-73.87072754,40.7738266,-73.98433685,40.75916672,37.84,0
837,1/1/16 11:34,7.7,-73.87278748,40.77446365,-73.95050049,40.8248291,35.8,8
838,1/1/16 11:34,9.51,-73.87447357,40.774086,-73.99739838,40.75619125,39.49,0
839,1/1/16 11:35,8.06,-73.87338257,40.77393723,-73.9517746,40.77365875,36,2
840,1/1/16 11:35,4,-73.87288666,40.77416611,-73.82433319,40.75688171,14.8,6
841,1/1/16 11:35,8.42,-73.87536621,40.77380753,-73.97184753,40.75024796,37.01,0
842,1/1/16 11:35,7.7,-73.8730545,40.77412033,-73.94502258,40.71859741,26.3,3
843,1/1/16 11:35,1.63,-73.87081909,40.77374649,-73.89543915,40.76924515,8.3,3
844,1/1/16 11:36,8.7,-73.87291718,40.77418518,-73.9744873,40.75610352,31.34,0
845,1/1/16 11:36,13.38,-73.87310028,40.77412033,-73.95742798,40.64268112,39.3,5
846,1/1/16 11:36,8.9,-73.87297821,40.77415466,-73.97179413,40.75673676,27.8,9
847,1/1/16 11:36,11.02,-73.87077332,40.77360916,-73.98486328,40.76060104,46.01,8
848,1/1/16 11:36,10.5,-73.87369537,40.77391052,-73.95295715,40.67292786,31.3,0
849,1/1/16 11:36,9.43,-73.87481689,40.774086,-73.99402618,40.73531342,39.41,9
850,1/1/16 11:36,11.2,-73.87093353,40.77379227,-73.98886108,40.77782059,43.84,0
851,1/1/16 11:37,9.82,-73.87297821,40.77415848,-73.98873138,40.69311905,35.16,5
852,1/1/16 11:37,10.36,-73.8708725,40.77374649,-73.986763,40.7182312,37.25,4
853,1/1/16 11:37,9.3,-73.87291718,40.77431488,-73.98662567,40.76131058,40.6,2
854,1/1/16 11:37,14,-73.87445831,40.77407837,-74.00402832,40.72106552,56.84,9
855,1/1/16 11:37,11.84,-73.87278748,40.77425003,-73.90569305,40.68820953,33.8,3
856,1/1/16 11:37,9.42,-73.87286377,40.77402878,-73.9422226,40.83251953,34.84,0
857,1/1/16 11:38,9,-73.87445068,40.77403641,-73.96864319,40.79151535,41,7
858,1/1/16 11:38,9.3,-73.87094116,40.77357864,-73.98477173,40.76039124,34.84,0
859,1/1/16 11:38,11.6,-73.87110138,40.77353668,-73.9859314,40.75743866,41.34,0
860,1/1/16 11:39,9.8,-73.87078094,40.77350235,-73.9977951,40.72275925,35.15,2
861,1/1/16 11:39,12.23,-73.87304688,40.77408981,-74.00630951,40.7081337,44.12,9
862,1/1/16 11:39,8,-73.87342834,40.77399445,-73.95243835,40.7818222,29.84,2
863,1/1/16 11:39,4.4,-73.87301636,40.77403259,-73.9184494,40.76518631,15.8,0
864,1/1/16 11:39,10.2,-73.87479401,40.77409744,-73.974823,40.7582283,36.34,6
865,1/1/16 11:40,11.91,-73.87319946,40.77409744,-73.7901535,40.64681625,33.3,7
866,1/1/16 11:41,10.81,-73.87315369,40.77406311,-73.97870636,40.67897797,39.36,0
867,1/1/16 11:41,11.5,-73.87298584,40.77412796,-73.99204254,40.76803207,48.39,0
868,1/1/16 11:41,11.63,-73.87493134,40.77407074,-73.99002838,40.75664902,46.61,0
869,1/1/16 11:41,11.2,-73.87449646,40.7742424,-73.98291016,40.76500702,38.84,9
870,1/1/16 11:41,6.42,-73.87294769,40.7740593,-73.94296265,40.7190094,20.3,0
871,1/1/16 11:41,10.3,-73.8729248,40.77409363,-73.99222565,40.69703674,35.15,8
872,1/1/16 11:42,5.11,-73.87294769,40.77408981,-73.87518311,40.73757935,16.3,2
873,1/1/16 11:43,8.79,-73.87287903,40.77408981,-73.98963165,40.75621033,38.21,9
874,1/1/16 11:44,4.24,-73.87481689,40.77411652,-73.93456268,40.75204849,16.8,9
875,1/1/16 11:44,11.07,-73.87293243,40.77404022,-73.97812653,40.67520905,38.16,2
876,1/1/16 11:44,13.62,-73.87289429,40.77407455,-74.00831604,40.73936462,45.34,5
877,1/1/16 11:45,5.15,-73.8744278,40.77404022,-73.93551636,40.76725006,17.3,9
878,1/1/16 11:46,10.1,-73.87450409,40.77413559,-73.97293854,40.75432205,34.34,7
879,1/1/16 11:46,8.97,-73.87303162,40.7740593,-73.98635864,40.75410843,40.61,0
880,1/1/16 11:47,5.2,-73.87290192,40.77403259,-73.95043945,40.76135635,21.35,0
881,1/1/16 11:49,11.32,-73.87324524,40.77394104,-73.97816467,40.73422241,42.34,4
882,1/1/16 11:49,8.08,-73.87439728,40.77373886,-73.95407867,40.77286911,34.61,0
883,1/1/16 11:50,12.26,-73.87325287,40.7740097,-74.00437164,40.70764923,35.3,2
884,1/1/16 11:50,9.39,-73.87384033,40.77397156,-73.99265289,40.74782944,33.34,9
885,1/1/16 11:51,9.06,-73.87391663,40.77381516,-73.99738312,40.75628281,40.61,0
886,1/1/16 11:53,10.1,-73.87297058,40.77412033,-73.96728516,40.75748825,43.54,8
887,1/1/16 11:54,9.49,-73.87094879,40.77375031,-73.98049164,40.77000046,29.3,0
888,1/1/16 11:56,6.8,-73.87435913,40.77378464,-73.95484161,40.71662903,24.35,9
889,1/1/16 11:58,10.5,-73.87103271,40.77371979,-73.98242188,40.77355576,37.84,0
890,1/1/16 11:58,9.96,-73.87452698,40.77413177,-73.98319244,40.69510651,38.09,2
891,1/1/16 11:58,9.2,-73.87109375,40.77362823,-73.97947693,40.7618103,32.34,0
892,1/1/16 12:00,10.3,-73.87088776,40.77381134,-74.00331879,40.72411728,31.3,4
893,1/1/16 12:01,11.02,-73.87134552,40.77377319,-73.93292236,40.85818863,37.34,0
894,1/1/16 12:02,9.1,-73.87127686,40.77354813,-73.98982239,40.756073,32.34,0
895,1/1/16 12:04,12.3,-73.87059784,40.77359009,-74.00532532,40.72082901,35.8,6
896,1/1/16 12:05,8.3,-73.87148285,40.77209091,-73.94776917,40.77893829,32.25,6
897,1/1/16 12:09,3.66,-73.87081909,40.77387619,-73.90999603,40.77233505,14.3,0
898,1/1/16 12:12,8.6,-73.87094879,40.77386093,-73.98821259,40.74585342,35.84,1
899,1/1/16 12:13,8.7,-73.8728714,40.77396011,-73.97268677,40.75248337,30.84,0
900,1/1/16 12:18,8.4,-73.87103271,40.77382278,-73.80252838,40.70782852,25.3,4
901,1/1/16 12:19,8.57,-73.87312317,40.77413177,-73.96746063,40.79310989,39.41,0
902,1/1/16 12:24,7.37,-73.87091064,40.77371979,-73.95755005,40.81618881,28.84,2
903,1/1/16 12:24,8.51,-73.87098694,40.77371216,-73.94005585,40.82884979,37.01,0
904,1/1/16 12:25,9.6,-73.87076569,40.77380753,-73.99707031,40.72203064,29.3,4
905,1/1/16 12:26,15.3,-73.87086487,40.77376556,-73.96122742,40.64481735,46.8,6
906,1/1/16 12:31,10.94,-73.8702774,40.77352905,-73.98529053,40.77347946,39.84,0
907,1/1/16 12:32,10.4,-73.87026215,40.77347946,-73.9777832,40.77384949,36.34,0
908,1/1/16 12:32,10.9,-73.87113953,40.77392578,-73.98629761,40.76715469,45.99,0
909,1/1/16 12:34,10.03,-73.87058258,40.77341843,-73.96995544,40.75695419,40.84,9
910,1/1/16 12:35,13.8,-73.87088776,40.77371597,-73.93232727,40.65110779,41.3,3
911,1/1/16 12:35,12.44,-73.87306213,40.77388763,-73.70258331,40.77536011,40.3,1
912,1/1/16 12:35,10.6,-73.8706665,40.77357101,-73.98552704,40.68798828,31.3,0
913,1/1/16 12:35,7.5,-73.87075043,40.77373886,-73.94189453,40.81533813,33.34,6
914,1/1/16 12:36,8.3,-73.8707428,40.77361298,-73.97825623,40.74148941,30.34,7
915,1/1/16 12:36,6.74,-73.87030792,40.77341843,-73.96144104,40.76184845,26.16,5
916,1/1/16 12:37,10.24,-73.87364197,40.77388763,-73.98994446,40.73315811,37.56,1
917,1/1/16 12:38,1.67,-73.87452698,40.77410889,-73.8670578,40.75989151,8.3,0
918,1/1/16 12:38,10.33,-73.87075043,40.77371979,-74.00384521,40.72706604,37.56,0
919,1/1/16 12:38,8,-73.87107849,40.77368546,-73.95166779,40.7819519,33.34,0
920,1/1/16 12:38,9.63,-73.87077332,40.7736969,-73.96674347,40.77283096,40.61,0
921,1/1/16 12:38,8.34,-73.8706131,40.77362061,-73.97863007,40.74121094,24.3,0
922,1/1/16 12:38,11.13,-73.87097168,40.77375031,-73.98284149,40.77708054,47.81,0
923,1/1/16 12:38,4.81,-73.87091064,40.77375031,-73.80983734,40.76549149,19.56,1
924,1/1/16 12:39,9.35,-73.87103271,40.77379608,-73.96282959,40.76682663,38.34,0
925,1/1/16 12:39,10.17,-73.87451935,40.77410889,-73.98519135,40.69167328,34.8,0
926,1/1/16 12:40,3.7,-73.87082672,40.7737236,-73.90011597,40.74388123,15.36,9
927,1/1/16 12:40,9.8,-73.87083435,40.77367783,-73.92864227,40.68094635,30.8,7
928,1/1/16 12:41,10.45,-73.87133026,40.77399063,-73.99489594,40.69316483,30.3,1
929,1/1/16 12:41,8.6,-73.87078094,40.77372742,-73.9858551,40.74382019,38.8,0
930,1/1/16 12:41,6.47,-73.87445831,40.77408981,-73.93402863,40.79459,30.41,2
931,1/1/16 12:42,10.06,-73.87589264,40.77350616,-73.98587036,40.73180771,35.16,0
932,1/1/16 12:42,9.59,-73.87096405,40.7738266,-73.96221924,40.75805664,33.36,2
933,1/1/16 12:42,35.84,-73.87487793,40.77383041,-74.20015717,40.68651962,136.84,8
934,1/1/16 12:42,10.9,-73.87091827,40.77376938,-73.98409271,40.76065826,38.34,3
935,1/1/16 12:43,7.6,-73.87120056,40.77354431,-73.94690704,40.78005981,31.84,3
936,1/1/16 12:43,7.9,-73.87083435,40.77368164,-73.95108795,40.77888107,29.84,1
937,1/1/16 12:43,12.1,-73.87071991,40.7737236,-73.99324036,40.75256348,50.19,0
938,1/1/16 12:43,8.59,-73.87512207,40.77391815,-73.94883728,40.83149719,32.34,9
939,1/1/16 12:44,9.63,-73.87091064,40.77378082,-73.99929047,40.76044083,43.61,4
940,1/1/16 12:44,6.7,-73.87112427,40.77379608,-73.79855347,40.78786087,19.8,3
941,1/1/16 12:44,8.8,-73.87097931,40.77378082,-73.99206543,40.7487793,32.84,0
942,1/1/16 12:44,9.5,-73.87484741,40.77397537,-73.96530914,40.76265717,40.6,0
943,1/1/16 12:45,6.82,-73.87107086,40.77389145,-73.95033264,40.74612045,26.62,4
944,1/1/16 12:45,3.06,-73.87303925,40.77416992,-73.91433716,40.76736832,11.8,0
945,1/1/16 12:45,8.14,-73.87491608,40.77388382,-73.97891235,40.74937057,37.92,0
946,1/1/16 12:45,9.6,-73.87303925,40.77408981,-73.97813416,40.78729248,35.34,6
947,1/1/16 12:46,8.86,-73.87313843,40.77404022,-73.99337006,40.75230408,40.34,0
948,1/1/16 12:46,12.7,-73.87089539,40.77373123,-73.88556671,40.8672142,41.34,9
949,1/1/16 12:46,13,-73.87290192,40.7742157,-73.98949432,40.75867081,54.99,5
950,1/1/16 12:46,8.92,-73.87095642,40.77381134,-73.96929169,40.78546906,37.84,0
951,1/1/16 12:46,11.98,-73.87443542,40.77408218,-74.00602722,40.68023682,37.3,8
952,1/1/16 12:47,8.3,-73.8730545,40.77404785,-73.98577881,40.74496841,37.59,3
953,1/1/16 12:47,8.1,-73.87310028,40.7741394,-73.96674347,40.80746841,40.59,0
954,1/1/16 12:47,2.6,-73.87288666,40.77398682,-73.91474915,40.76408005,10.8,6
955,1/1/16 12:47,8.8,-73.87287903,40.7742424,-73.86483765,40.81887436,30.84,0
956,1/1/16 12:47,9.15,-73.87600708,40.77322006,-73.99272919,40.758358,33.34,1
957,1/1/16 12:47,13.4,-73.87306213,40.77415085,-73.99085236,40.72758102,51.39,6
958,1/1/16 12:48,7.6,-73.87487793,40.77386856,-73.9461441,40.77968979,36.05,7
959,1/1/16 12:48,8.5,-73.8737793,40.77386475,-73.99060822,40.75094223,42.04,3
960,1/1/16 12:48,13.1,-73.8718338,40.77454758,-73.93666077,40.66941833,47.25,0
961,1/1/16 12:48,9.81,-73.87271118,40.7739563,-73.97875214,40.78432083,43.61,4
962,1/1/16 12:48,4.3,-73.87293243,40.77407455,-73.91548157,40.74476624,19.85,0
963,1/1/16 12:48,14.2,-73.87583923,40.77352905,-73.97736359,40.64818954,49.12,4
964,1/1/16 12:48,11.47,-73.8723526,40.77416611,-73.98806763,40.75543213,38.84,3
965,1/1/16 12:48,12.07,-73.87265015,40.77362061,-74.0113678,40.70430374,42.88,5
966,1/1/16 12:49,10.1,-73.87496948,40.77387238,-73.98091125,40.7831192,36.84,6
967,1/1/16 12:49,9.4,-73.87444305,40.77399826,-73.98213196,40.76279449,33.84,8
968,1/1/16 12:49,12.2,-73.8713913,40.77329254,-73.91005707,40.88095093,39.84,0
969,1/1/16 12:49,3.1,-73.87065125,40.77357864,-73.91487122,40.78317642,12.3,5
970,1/1/16 12:49,7.3,-73.87065887,40.7745018,-73.97769928,40.76631546,25.3,0
971,1/1/16 12:50,7.2,-73.87309265,40.77417755,-73.93074799,40.70628357,26.75,0
972,1/1/16 12:50,9.41,-73.87078857,40.77368164,-73.95858765,40.77238846,40.84,4
973,1/1/16 12:50,2.6,-73.87316895,40.77410889,-73.9107666,40.7635994,10.8,0
974,1/1/16 12:52,9.2,-73.87466431,40.7741127,-73.95427704,40.68948364,27.8,8
975,1/1/16 12:52,7.63,-73.87117767,40.77384186,-73.95628357,40.77048874,24.3,5
976,1/1/16 12:53,12,-73.8734436,40.774086,-73.78240967,40.64880753,33.8,5
977,1/1/16 12:53,11.76,-73.87125397,40.77392197,-73.91575623,40.68199539,33.8,0
978,1/1/16 12:54,17.7,-73.87078094,40.77367783,-73.94599152,40.69871902,53.3,9
979,1/1/16 12:54,8.7,-73.87451935,40.77416992,-73.94265747,40.8231163,37.59,6
980,1/1/16 12:54,5.6,-73.87091827,40.77378464,-73.93612671,40.73585129,21.35,9
981,1/1/16 12:55,7.74,-73.8709259,40.77379227,-73.94641113,40.78104782,28.84,8
982,1/1/16 12:57,0.83,-73.87091064,40.77361298,-73.87947845,40.76786041,7.25,5
983,1/1/16 12:58,0,-73.87451172,40.77407837,-73.87461853,40.77413559,4.3,0
984,1/1/16 12:58,9.43,-73.87142181,40.77377319,-73.96083069,40.69312668,28.8,1
985,1/1/16 12:58,8.7,-73.87443542,40.77408981,-73.98691559,40.73661423,38.19,8
986,1/1/16 12:59,10.63,-73.87319183,40.77412033,-73.97921753,40.76200867,45.41,7
987,1/1/16 12:59,10.48,-73.87097931,40.77368164,-73.97762299,40.77375031,42.34,4
988,1/1/16 13:00,9.99,-73.87140656,40.77399445,-73.97515869,40.77727127,35.34,0
989,1/1/16 13:01,9.5,-73.8754425,40.77377701,-73.99284363,40.71483612,33.35,0
990,1/1/16 13:01,7.1,-73.87299347,40.77379608,-73.9677887,40.76278305,24.3,0
991,1/1/16 13:01,8,-73.87091064,40.77383041,-73.94980621,40.7722168,30.34,6
992,1/1/16 13:02,9.3,-73.87453461,40.77414703,-73.99928284,40.73892212,30.8,0
993,1/1/16 13:02,8.8,-73.87097168,40.77378082,-73.97074127,40.79849625,41.34,0
994,1/1/16 13:02,11.29,-73.87310791,40.77415085,-73.87294769,40.77415085,33.8,0
995,1/1/16 13:02,8.1,-73.87083435,40.77367401,-73.95547485,40.77786636,25.8,4
996,1/1/16 13:03,7.3,-73.87068176,40.77362442,-73.95613861,40.71735764,27.35,9
997,1/1/16 13:03,6.92,-73.87123108,40.77401352,-73.95734406,40.72804642,27.36,9
998,1/1/16 13:03,8.1,-73.8709259,40.7737999,-73.97788239,40.74884796,37.29,0
999,1/1/16 13:03,9.44,-73.87091064,40.77376938,-73.96128845,40.76670837,40.01,0
1000,-73.87238312,40.80197525,5,,,,,