RideID,tpep_pickup_datetime,trip_distance,pickup_longitude,pickup_latitude,dropoff_longitude,dropoff_latitude,total_amount,DelayFactor
10,2016-02-01 00:46:00,4.35,-73.87316132,40.77404785,-73.86026001,40.73835373,14.8,0
11,2016-02-01 01:02:00,12.07,-73.8731308,40.77397919,-73.92359924,40.67626953,34.3,0
12,2016-02-01 01:13:00,10.38,-73.87187195,40.77405167,-74.00473022,40.72862625,30.8,8
13,2016-02-01 01:43:00,9.56,-73.87445831,40.77402115,-73.99331665,40.73611069,40.61,0
14,2016-02-01 01:43:00,8.4,-73.8745575,40.77413177,-73.98021698,40.74549866,30.95,7
15,2016-02-01 01:43:00,9.5,-73.87284088,40.77399826,-73.9961853,40.73236465,40.59,0
16,2016-02-01 01:45:00,11.65,-73.87464905,40.77406693,-73.99416351,40.76073837,44.84,0
17,2016-02-01 01:47:00,8.8,-73.87252808,40.77413559,-73.9710083,40.69420242,28.8,2
18,2016-02-01 01:47:00,8.7,-73.87294006,40.77397156,-73.96870422,40.69245148,31.55,7
19,2016-02-01 01:47:00,7.29,-73.87474823,40.77389145,-73.94780731,40.79600906,34.01,4
20,2016-02-01 01:50:00,15.4,-73.87299347,40.7740097,-74.01566315,40.71164322,52.34,0
21,2016-02-01 01:50:00,4,-73.87454224,40.77407074,-73.82662964,40.75839615,14.8,0
22,2016-02-01 01:51:00,8.3,-73.8745575,40.77416611,-73.96514893,40.80118179,40.39,0
23,2016-02-01 01:54:00,6.51,-73.87265015,40.77405167,-73.94850922,40.7245903,20.8,0
24,2016-02-01 01:55:00,8.09,-73.87478638,40.77388,-73.97926331,40.74985123,35.81,3
25,2016-02-01 01:55:00,7.05,-73.8747406,40.77391052,-73.95628357,40.71598816,25.56,0
26,2016-02-01 01:55:00,6.63,-73.87492371,40.77386856,-73.94763184,40.71711731,20.3,0
27,2016-02-01 01:55:00,11.7,-73.87458038,40.77409744,-73.97686768,40.66868973,55.3,0
28,2016-02-01 01:55:00,7.6,-73.8744812,40.77397919,-73.94851685,40.7849617,34.61,0
29,2016-02-01 01:55:00,11.72,-73.87291718,40.77397919,-73.97801971,40.67285919,39.3,4
30,2016-02-01 01:56:00,2.7,-73.87277985,40.77423477,-73.91423798,40.75941467,14.75,0
31,2016-02-01 01:56:00,8.4,-73.87263489,40.77410507,-73.94171143,40.83433533,38.19,0
32,2016-02-01 01:56:00,9.93,-73.87289429,40.77412415,-73.97793579,40.77871323,40.34,1
33,2016-02-01 01:57:00,9,-73.87316895,40.77409744,-73.9510498,40.82078552,38.79,3
34,2016-02-01 01:57:00,9.72,-73.8731842,40.77406311,-73.96656799,40.76429367,40.61,5
35,2016-02-01 01:59:00,8.03,-73.87296295,40.77392197,-73.9402771,40.82685852,33.84,7
36,2016-02-01 01:59:00,10.77,-73.87458038,40.77408981,-73.88604736,40.68064117,32.3,3
37,2016-02-01 02:00:00,7.8,-73.87454987,40.77412415,-73.9773407,40.74633408,29.34,0
38,2016-02-01 02:01:00,10.01,-73.87301636,40.77409363,-73.96712494,40.75724792,37.84,4
39,2016-02-01 02:01:00,9.19,-73.87496948,40.77384186,-73.98516083,40.73598862,36.8,5
40,2016-02-01 02:02:00,13.57,-73.87351227,40.77397156,-73.9894104,40.76823044,47.16,0
41,2016-02-01 02:03:00,11.82,-73.87500763,40.7738533,-73.99580383,40.74827194,37.3,1
42,2016-02-01 02:03:00,9.66,-73.87441254,40.77396011,-73.94889069,40.68338776,34.3,9
43,2016-02-01 02:03:00,7.6,-73.87300873,40.77408218,-73.96052551,40.81674957,37.89,0
44,2016-02-01 02:04:00,7.55,-73.87299347,40.77416992,-73.94747925,40.78007889,28.84,0
45,2016-02-01 02:04:00,0.9,-73.87283325,40.77418518,-73.86714935,40.76877975,6.8,8
46,2016-02-01 02:04:00,3.24,-73.87452698,40.77407074,-73.92436218,40.76198959,12.3,2
47,2016-02-01 02:04:00,2.4,-73.87481689,40.77404022,-73.87745667,40.74697113,11.8,0
48,2016-02-01 02:05:00,6.8,-73.87494659,40.77389145,-73.94705963,40.81019974,33.84,5
49,2016-02-01 02:05:00,6.9,-73.8731308,40.77407074,-73.95031738,40.71265793,25.55,0
50,2016-02-01 02:07:00,7.6,-73.87302399,40.77398682,-73.9412384,40.81264114,42.04,9
51,2016-02-01 02:08:00,7.2,-73.87294006,40.77397156,-73.98355103,40.76576614,32.15,9
52,2016-02-01 02:11:00,2.51,-73.87284851,40.77407837,-73.86116028,40.75297546,12.3,0
53,2016-02-01 02:24:00,10.26,-73.87303925,40.77421188,-73.99469757,40.73234177,31.3,5
54,2016-02-01 03:34:00,1.9,-73.87260437,40.77410889,-73.86966705,40.74947739,11.3,0
55,2016-02-01 03:44:00,3.1,-73.87328339,40.77436829,-73.87756348,40.7477951,25.6,6
56,2016-02-01 04:11:00,15.1,-73.87284088,40.77230072,-73.95315552,40.65241623,43.8,5
57,2016-02-01 04:23:00,9.2,-73.87322998,40.77389526,-73.9595871,40.76356125,36.67,0
58,2016-02-01 04:30:00,16.01,-73.87171173,40.77431107,-74.01578522,40.71183014,55.34,7
62,2016-02-01 04:43:00,8.04,-73.87442017,40.77396011,-73.97998047,40.73749924,30.96,9
63,2016-02-01 05:00:00,2.8,-73.87294006,40.77398682,-73.89273071,40.75095367,12.3,9
64,2016-02-01 05:01:00,3.64,-73.87133026,40.77383804,-73.92549896,40.7589035,13.3,2
65,2016-02-01 05:04:00,2.1,-73.87290955,40.77437592,-73.86564636,40.77090073,10.8,0
66,2016-02-01 05:08:00,11.8,-73.87332153,40.77391434,-74.01014709,40.71174622,33.3,0
67,2016-02-01 05:12:00,10.4,-73.87328339,40.77437973,-73.93344879,40.85680771,40.84,7
68,2016-02-01 05:47:00,1.5,-73.87083435,40.77378082,-73.88115692,40.75986481,8.3,0
69,2016-02-01 05:51:00,3.5,-73.87306976,40.77443314,-73.92227173,40.76370621,14.3,0
70,2016-02-01 05:54:00,5.2,-73.87301636,40.77407074,-73.94626617,40.76602554,21.35,0
71,2016-02-01 05:56:00,7.3,-73.87294769,40.77423096,-73.95543671,40.76871109,28.5,0
72,2016-02-01 06:01:00,0.1,-73.87132263,40.77433777,-73.87324524,40.77438354,4.3,0
73,2016-02-01 06:08:00,4.58,-73.87303162,40.77386856,-73.8328476,40.7597084,21.36,4
74,2016-02-01 06:08:00,4.6,-73.87303925,40.77400208,-73.83278656,40.75959015,22.8,0
75,2016-02-01 06:20:00,12.3,-73.8710556,40.77358627,-73.77690887,40.64469528,34.3,7
76,2016-02-01 06:21:00,15.3,-73.8710556,40.77361679,-73.84874725,40.90555573,54.27,6
78,2016-02-01 06:40:00,11.9,-73.87288666,40.77389145,-73.78330994,40.64385986,36.3,0
79,2016-02-01 06:49:00,7,-73.87290955,40.77404404,-73.9405899,40.81149673,27.34,0
80,2016-02-01 07:05:00,7.68,-73.87329865,40.77186203,-73.94914246,40.7826767,58.34,6
81,2016-02-01 07:09:00,20.6,-73.8710022,40.77346802,-73.87036133,40.77302933,59.8,6
82,2016-02-01 07:12:00,7.5,-73.87117767,40.77376556,-73.94461823,40.77951431,33.39,4
83,2016-02-01 07:23:00,17.84,-73.87106323,40.77362061,-73.94471741,40.63243103,52.8,1
84,2016-02-01 07:30:00,9.92,-73.87097931,40.77360153,-73.96367645,40.67657852,30.3,9
85,2016-02-01 07:33:00,10.1,-73.87308502,40.774086,-73.93160248,40.66699982,31.3,6
86,2016-02-01 07:38:00,10.2,-73.87519836,40.77388763,-73.99073029,40.73062134,30.3,3
93,2016-01-01 00:02:00,6.5,-73.87460327,40.77410126,-73.94418335,40.7166481,26,6
94,2016-01-01 00:03:00,4.6,-73.87297058,40.77405167,-73.84675598,40.72748184,17.3,8
95,2016-01-01 00:04:00,8.75,-73.87451172,40.77409363,-73.99106598,40.75042343,40.01,5
96,2016-01-01 00:04:00,2.95,-73.87094879,40.77376938,-73.91747284,40.76771927,11.8,7
97,2016-01-01 00:05:00,7.2,-73.87319183,40.77406693,-73.9755249,40.74448776,30.95,2
98,2016-01-01 00:06:00,10.21,-73.87463379,40.77394104,-73.97927094,40.78020859,41.99,5
99,2016-01-01 00:06:00,4.41,-73.87478638,40.77389908,-73.82628632,40.77407837,15.8,0
100,2016-01-01 00:07:00,7.95,-73.87297821,40.77399826,-73.95346832,40.82540894,34.89,5
101,2016-01-01 00:07:00,9.83,-73.87312317,40.77423096,-74.00491333,40.74446106,36.84,0
102,2016-01-01 00:08:00,9.1,-73.87303925,40.77410507,-73.98899841,40.7348175,40.84,0
103,2016-01-01 00:10:00,6.78,-73.87473297,40.77397156,-73.94126129,40.71192169,26.76,9
104,2016-01-01 00:10:00,16.49,-73.87458801,40.77412033,-73.9692688,40.61940384,57.25,0
105,2016-01-01 00:10:00,11.13,-73.87293243,40.77412033,-73.94438171,40.66270828,41.3,0
106,2016-01-01 00:10:00,5.6,-73.87444305,40.77404785,-73.87580872,40.72694397,18.3,0
110,2016-01-01 00:10:00,12,-73.87306213,40.77412415,-73.97648621,40.75143051,47.15,2
111,2016-01-01 00:11:00,9.43,-73.87308502,40.77407074,-73.93009186,40.85351181,43.99,0
112,2016-01-01 00:11:00,4.28,-73.87281799,40.77411652,-73.9122467,40.74547577,18.96,5
113,2016-01-01 00:11:00,6.4,-73.87335205,40.77405167,-73.80288696,40.77125931,20.8,3
114,2016-01-01 00:12:00,12.1,-73.87457275,40.77412796,-73.99440765,40.76091766,50.8,0
115,2016-01-01 00:12:00,10.54,-73.87270355,40.77406311,-73.845047,40.83965302,37.34,0
116,2016-01-01 00:12:00,12.34,-73.87492371,40.77394485,-73.9616394,40.66188049,45.96,0
117,2016-01-01 00:12:00,9.55,-73.87296295,40.7740593,-73.99930573,40.73934174,44.21,0
118,2016-01-01 00:13:00,8.9,-73.87452698,40.77407074,-73.95483398,40.7671814,32.34,0
119,2016-01-01 00:14:00,11.71,-73.87301636,40.77412415,-73.97735596,40.78427505,46.84,6
120,2016-01-01 00:14:00,7.8,-73.8745575,40.77407074,-73.94683838,40.77407837,29.84,0
121,2016-01-01 00:14:00,2.6,-73.87319946,40.77406693,-73.87485504,40.75672531,14.15,0
122,2016-01-01 00:15:00,6.6,-73.87439728,40.77408218,-73.84303284,40.71263885,20.3,6
123,2016-01-01 00:15:00,1,-73.87458038,40.77405167,-73.86759949,40.76784897,6.8,8
124,2016-01-01 00:16:00,10.37,-73.87445831,40.77405167,-73.99168396,40.74923325,33.8,4
125,2016-01-01 00:16:00,6.7,-73.87265778,40.77410126,-73.9461441,40.71579361,23.8,6
126,2016-01-01 00:17:00,3.5,-73.87330627,40.77403641,-73.88311768,40.75338745,14.3,0
127,2016-01-01 00:18:00,8.97,-73.87342834,40.77402878,-73.95632172,40.77053833,40.42,9
128,2016-01-01 00:18:00,11.18,-73.87306213,40.77415848,-73.89488983,40.86368942,39.34,0
129,2016-01-01 00:19:00,3.1,-73.87448883,40.77413559,-73.89807129,40.74372482,12.8,7
130,2016-01-01 00:20:00,8.6,-73.87310791,40.77404785,-73.96938324,40.7567749,31.34,8
131,2016-01-01 00:21:00,15,-73.87315369,40.77399445,-73.94950104,40.66447067,47.3,0
132,2016-01-01 00:21:00,17.3,-73.87447357,40.77382278,-74.01348877,40.79076385,90.3,5
133,2016-01-01 00:21:00,9,-73.87303925,40.7740593,-73.96456909,40.68720245,34.1,4
134,2016-01-01 00:21:00,4.16,-73.87319183,40.77412415,-73.86029053,40.73601532,14.3,7
135,2016-01-01 00:22:00,10.5,-73.8746109,40.77406693,-73.77388763,40.67818451,31.8,9
241,2016-02-01 07:42:00,9.77,-73.87100983,40.77362061,-73.98892975,40.72513962,28.3,0
242,2016-02-01 07:42:00,4.8,-73.87284088,40.77413559,-73.84914398,40.72796631,15.3,9
243,2016-02-01 07:42:00,9.32,-73.87088013,40.77360916,-73.98391724,40.75970078,38.34,0
244,2016-02-01 07:50:00,10.6,-73.87081146,40.77362823,-73.9801712,40.76428986,37.34,1
245,2016-02-01 07:55:00,14.26,-73.87097168,40.7736969,-74.00254822,40.71863174,55.01,7
246,2016-02-01 07:58:00,7.8,-73.87452698,40.77406693,-73.95418549,40.78466415,35.19,3
247,2016-02-01 07:59:00,6.9,-73.87093353,40.77365875,-73.94205475,40.71121979,24.3,3
248,2016-02-01 08:01:00,8.8,-73.87110901,40.7736702,-73.98616028,40.75828552,32.34,0
249,2016-02-01 08:02:00,6.9,-73.87086487,40.77378845,-73.9491806,40.80182648,31.84,0
250,2016-02-01 08:02:00,9.5,-73.87442017,40.77399445,-73.98301697,40.69664383,32.15,2
251,2016-02-01 08:03:00,14,-73.87445831,40.77404022,-73.95241547,40.66145325,48.95,0
252,2016-02-01 08:03:00,0,-73.87333679,40.77428818,0,0,5.8,4
253,2016-02-01 08:04:00,9.8,-73.87445831,40.77405167,-73.97797394,40.72935867,34.55,5
254,2016-02-01 08:04:00,0,-73.87291718,40.7739296,-73.87299347,40.77384949,3.3,3
255,2016-02-01 08:05:00,8.2,-73.87295532,40.77388382,-73.95776367,40.73118973,30.35,8
256,2016-02-01 08:05:00,7.32,-73.87297058,40.77384949,-73.80722046,40.69897842,26.76,7
257,2016-02-01 08:05:00,9.25,-73.87452698,40.77412033,-73.96326447,40.77427673,40.01,0
258,2016-02-01 08:05:00,11.3,-73.87478638,40.77412033,-73.99961853,40.68837357,38.15,0
259,2016-02-01 08:06:00,7.1,-73.87309265,40.77396774,-73.95633698,40.71986771,26.15,9
260,2016-02-01 08:07:00,12.3,-73.8744812,40.77409363,-73.96257782,40.65965271,41.8,0
261,2016-02-01 08:08:00,0.6,-73.87269592,40.77416611,-73.95511627,40.74295425,26.73,0
262,2016-02-01 08:09:00,6.7,-73.87334442,40.77410889,-73.94272614,40.71485138,26.6,0
263,2016-02-01 08:09:00,4.1,-73.87245941,40.77402496,-73.91375732,40.74337769,17.76,0
264,2016-02-01 08:09:00,12.67,-73.87325287,40.77387238,-73.9605484,40.65670013,45.96,0
265,2016-02-01 08:09:00,9,-73.87448883,40.77410889,-73.99327087,40.75208282,32.34,7
266,2016-02-01 08:10:00,5.5,-73.87454224,40.77403641,-73.94335175,40.76901627,21.95,2
267,2016-02-01 08:10:00,9.09,-73.87303162,40.7741394,-73.98931885,40.7424202,32.34,0
268,2016-02-01 08:10:00,6.56,-73.87296295,40.77399445,-73.93564606,40.8120079,31.61,1
269,2016-02-01 08:10:00,3.4,-73.87451172,40.77404404,-73.91436005,40.76358414,12.3,0
270,2016-02-01 08:11:00,10.91,-73.87286377,40.77381897,-73.98323059,40.76459885,38.34,0
271,2016-02-01 08:11:00,8.15,-73.87445068,40.77399826,-73.95160675,40.77038956,30.34,2
272,2016-02-01 08:11:00,8,-73.87089539,40.77377319,-73.9259491,40.70212936,27.8,0
273,2016-02-01 08:12:00,2.9,-73.87026215,40.77388,-73.91368103,40.75470734,11.8,8
274,2016-02-01 08:12:00,13.4,-73.87448883,40.77405167,-73.99475098,40.6600914,46.62,3
275,2016-02-01 08:12:00,10.1,-73.87096405,40.77370071,-73.93691254,40.85067368,34.84,1
276,2016-02-01 08:13:00,10.63,-73.87345886,40.77391052,-73.97846985,40.7628479,36.84,4
277,2016-02-01 08:16:00,15.51,-73.8711853,40.7738533,-73.97781372,40.66928101,46.3,9
278,2016-02-01 08:17:00,3.19,-73.8707962,40.77363968,-73.91976929,40.77544022,11.3,9
279,2016-02-01 08:18:00,7.4,-73.87533569,40.77143478,-74.00311279,40.70836639,22.3,2
280,2016-02-01 08:20:00,4.9,-73.87093353,40.77370071,-73.92769623,40.74446106,17.3,1
281,2016-02-01 08:21:00,4.45,-73.87075043,40.77362823,-73.91900635,40.74195099,18.36,6
282,2016-02-01 08:21:00,21.7,-73.87374115,40.773983,-74.14929199,40.7305336,128.62,0
283,2016-02-01 08:22:00,12.74,-73.87310028,40.7739563,-74.01651764,40.71009064,36.3,7
284,2016-02-01 08:22:00,6.37,-73.8707428,40.77362823,-73.94210815,40.72254944,19.8,7
285,2016-02-01 08:24:00,6.7,-73.87012482,40.77342606,-73.94720459,40.71718597,20.8,3
286,2016-02-01 08:24:00,6.7,-73.87089539,40.77366257,-73.89826202,40.81422424,26.84,3
287,2016-02-01 08:25:00,7,-73.8708725,40.77374268,-73.89879608,40.81369781,32.84,2
288,2016-02-01 08:25:00,6.96,-73.87454987,40.7740593,-73.95140076,40.72658157,25.56,2
289,2016-02-01 08:25:00,9.23,-73.87081146,40.77364731,-73.92115784,40.70294952,34.56,2
290,2016-02-01 08:25:00,5.8,-73.87081146,40.77390671,-73.81801605,40.72777176,18.8,8
291,2016-02-01 08:26:00,15.77,-73.87077332,40.77359772,-73.85764313,40.92092896,49.34,0
292,2016-02-01 08:26:00,10.2,-73.87123108,40.77388382,-73.9504776,40.67615509,36.95,9
293,2016-02-01 08:27:00,10.4,-73.8710022,40.77370071,-73.97849274,40.76308441,35.84,0
294,2016-02-01 08:27:00,25.6,-73.87093353,40.77373886,-74.07875824,40.64289093,89.88,9
295,2016-02-01 08:27:00,9.6,-73.87086487,40.77370453,-73.96738434,40.76539993,40.59,3
296,2016-02-01 08:27:00,9.1,-73.87317657,40.77416992,-73.99525452,40.75560379,38.79,1
297,2016-02-01 08:28:00,9.31,-73.87130737,40.77393341,-73.95118713,40.69293594,35.38,3
298,2016-02-01 08:28:00,12.3,-73.87086487,40.77374268,-73.92747498,40.67034912,44.75,0
299,2016-02-01 08:29:00,9.6,-73.87115479,40.77363586,-73.91513062,40.69948959,35.75,8
300,2016-02-01 08:29:00,1.02,-73.8745575,40.77410126,-73.86715698,40.76880646,14.3,5
301,2016-02-01 08:30:00,13.7,-73.87094116,40.77376938,-73.89823151,40.87099075,44.84,4
302,2016-02-01 08:30:00,9.91,-73.87088013,40.77368927,-73.98355103,40.72986984,34.56,9
303,2016-02-01 08:30:00,8.91,-73.87083435,40.77365494,-73.94345856,40.69377899,37.8,0
304,2016-02-01 08:31:00,9.2,-73.87104034,40.77368546,-73.95484161,40.68647766,32.75,0
305,2016-02-01 08:31:00,11.72,-73.87104034,40.77396011,-73.91825867,40.68400192,33.8,6
306,2016-02-01 08:31:00,10.6,-73.87082672,40.77375412,-73.97598267,40.75573349,35.84,1
307,2016-02-01 08:32:00,9.29,-73.87084198,40.77378082,-73.93775177,40.84817886,32.84,0
308,2016-02-01 08:32:00,12.5,-73.87078094,40.77375031,-73.98500061,40.6628418,47.15,8
309,2016-02-01 08:32:00,10.17,-73.87091064,40.77363968,-73.94544983,40.67671967,36.96,5
310,2016-02-01 08:33:00,2.96,-73.87095642,40.77378845,-73.91827393,40.76665878,11.8,3
311,2016-02-01 08:33:00,3.31,-73.87102509,40.77373505,-73.92510986,40.77097702,15.34,7
312,2016-02-01 08:34:00,9,-73.87090302,40.77381897,-73.99172211,40.742836,37.84,0
313,2016-02-01 08:35:00,14.5,-73.87103271,40.77364349,-73.72961426,40.65439987,40.8,0
314,2016-02-01 08:35:00,17.21,-73.87089539,40.77362823,-74.02897644,40.62147141,47.3,0
315,2016-02-01 08:35:00,5.5,-73.87306213,40.77425766,-73.82214355,40.77448654,17.3,2
316,2016-02-01 08:35:00,5.7,-73.87097168,40.77356339,-73.82331848,40.75252151,18.8,2
317,2016-02-01 08:37:00,7.3,-73.87519836,40.77386856,-73.9541626,40.80488586,35.79,5
318,2016-02-01 08:37:00,7.83,-73.87084961,40.77375031,-73.96350098,40.71860886,29.16,0
319,2016-02-01 08:37:00,9.48,-73.8708725,40.77359772,-73.99580383,40.75906754,40.61,0
320,2016-02-01 08:38:00,9.5,-73.87078857,40.77368927,-73.78071594,40.69470215,30.3,0
321,2016-02-01 08:38:00,4.2,-73.87078094,40.77378845,-73.81990051,40.76623535,17.75,0
322,2016-02-01 08:38:00,14.4,-73.87310028,40.77415466,-73.98001099,40.64535141,39.8,6
323,2016-02-01 08:39:00,9.51,-73.87095642,40.77365875,-73.97606659,40.78215027,34.34,0
324,2016-02-01 08:39:00,9.26,-73.87380981,40.77388382,-73.93417358,40.68434525,36.36,8
325,2016-02-01 08:39:00,9.55,-73.87090302,40.77366638,-73.98457336,40.6963501,27.8,3
326,2016-02-01 08:39:00,7.6,-73.87075806,40.77370834,-73.95574951,40.80389023,35.21,3
327,2016-02-01 08:40:00,11.3,-73.87284851,40.7742691,-73.97941589,40.76690292,39.84,1
328,2016-02-01 08:40:00,9.9,-73.87088776,40.77381897,-73.99588013,40.76560974,40.84,0
329,2016-02-01 08:40:00,8.16,-73.87094116,40.77363968,-73.97744751,40.74687958,33.84,6
330,2016-02-01 08:40:00,11,-73.87083435,40.77378464,-73.98579407,40.76005936,38.34,0
331,2016-02-01 08:41:00,11.47,-73.87352753,40.77382278,-73.9074173,40.87779236,37.84,0
332,2016-02-01 08:41:00,9.3,-73.87088776,40.77375031,-73.98078156,40.7766304,37.8,2
333,2016-02-01 08:41:00,7.5,-73.87102509,40.77391052,-73.95539856,40.71043777,27.36,0
334,2016-02-01 08:41:00,5.36,-73.87306213,40.77415848,-73.86961365,40.73080063,17.3,9
335,2016-02-01 08:41:00,10.62,-73.87091064,40.77371597,-73.99389648,40.6977005,36.96,0
336,2016-02-01 08:42:00,8.01,-73.87081909,40.77376938,-73.94715881,40.82575989,37.61,0
337,2016-02-01 08:43:00,9.08,-73.87086487,40.77365112,-73.98844147,40.75700378,38.34,2
338,2016-02-01 08:43:00,14.7,-73.87076569,40.77375412,-73.97691345,40.64307404,40.8,3
339,2016-02-01 08:43:00,9.3,-73.87090302,40.77374649,-73.97291565,40.79855347,34.84,7
340,2016-02-01 08:44:00,3,-73.87090302,40.77375031,-73.92192841,40.76905441,11.3,0
341,2016-02-01 08:44:00,9.2,-73.87073517,40.77350235,-73.9453125,40.82832336,39.4,0
342,2016-02-01 08:44:00,9.28,-73.87078094,40.77369308,-73.98594666,40.75973511,33.34,2
343,2016-02-01 08:44:00,8.42,-73.87097168,40.77376175,-73.94974518,40.77019119,30.84,6
344,2016-02-01 08:45:00,7.52,-73.87062836,40.77365875,-73.94064331,40.78673172,37.3,4
345,2016-02-01 08:45:00,22.41,-73.87110138,40.77377319,-73.98233795,40.59137726,60.3,0
346,2016-02-01 08:45:00,18,-73.87083435,40.77373505,-73.77378082,40.59442139,50.3,0
347,2016-02-01 08:46:00,12.3,-73.87075043,40.77375031,-73.99238586,40.75516891,51.05,0
348,2016-02-01 08:46:00,10.24,-73.8707962,40.77364349,-73.97274017,40.75551605,41.81,1
349,2016-02-01 08:47:00,4.7,-73.87084961,40.77374268,-73.9407959,40.7557373,15.8,1
350,2016-02-01 08:47:00,9.04,-73.87083435,40.77369308,-73.98950195,40.71913147,26.8,9
351,2016-02-01 08:47:00,8.9,-73.87303925,40.77410889,-73.98614502,40.75870132,32.84,0
352,2016-02-01 08:48:00,20.79,-73.87084198,40.77375412,-74.00240326,40.6366806,74.76,6
353,2016-02-01 08:48:00,7.2,-73.87068176,40.77374649,-73.94730377,40.81690216,33.39,7
354,2016-02-01 08:49:00,7,-73.87082672,40.77374649,-73.94197083,40.81545639,30.34,2
355,2016-02-01 08:49:00,11,-73.8709259,40.77368927,-73.98092651,40.67581177,35.3,0
356,2016-02-01 08:49:00,9.6,-73.87103271,40.7739296,-73.97651672,40.72875595,39.84,0
357,2016-02-01 08:49:00,3.03,-73.87097168,40.77366638,-73.90059662,40.74927521,11.8,0
358,2016-02-01 08:49:00,6.8,-73.87295532,40.77401352,-73.93827057,40.81560516,32.19,0
359,2016-02-01 08:50:00,12.88,-73.87120819,40.77396011,-73.95336151,40.64125061,45.96,0
360,2016-02-01 08:51:00,10.6,-73.87294769,40.77416229,-73.97649384,40.75336075,42.4,5
361,2016-02-01 08:51:00,9.68,-73.87088776,40.77373886,-73.98249817,40.76227188,42.41,6
362,2016-02-01 08:51:00,8.72,-73.87122345,40.77374268,-73.82253265,40.82704544,31.34,4
363,2016-02-01 08:51:00,13.34,-73.87075806,40.77368164,-74.00084686,40.73334122,53.81,0
364,2016-02-01 08:51:00,18.1,-73.87081909,40.77378845,-73.87281799,40.96018982,54.84,0
365,2016-02-01 08:52:00,4.83,-73.87317657,40.77412033,-73.94013214,40.75782013,16.8,7
366,2016-02-01 08:52:00,0.6,-73.87297821,40.77410126,-73.945755,40.72035217,28.3,5
367,2016-02-01 08:52:00,4.81,-73.87085724,40.77371979,-73.81463623,40.75711823,17.3,5
368,2016-02-01 08:53:00,6.2,-73.8709259,40.77360153,-73.92624664,40.810112,25.34,3
369,2016-02-01 08:54:00,16.2,-73.8708725,40.77384567,-73.85044861,40.82730103,49.34,1
370,2016-02-01 08:55:00,10.2,-73.87098694,40.77388763,-73.96266937,40.67542267,36.95,0
371,2016-02-01 08:55:00,8,-73.87081909,40.77371597,-73.95305634,40.77584076,35.34,0
372,2016-02-01 08:56:00,9.24,-73.87081909,40.77371979,-73.98307037,40.72266006,32.16,0
373,2016-02-01 08:56:00,7.9,-73.87089539,40.77377319,-73.96391296,40.76050949,24.8,0
374,2016-02-01 08:56:00,11.19,-73.87077332,40.77355957,-73.98486328,40.76050949,47.92,1
375,2016-02-01 08:56:00,13.04,-73.87635803,40.77293015,-73.88401794,40.85510635,37.3,0
376,2016-02-01 08:56:00,9.94,-73.87104797,40.77386856,-73.97834778,40.77742386,37.56,3
377,2016-02-01 08:57:00,12.51,-73.87132263,40.7739296,-73.97982025,40.72042084,45.34,5
378,2016-02-01 08:57:00,9.28,-73.87091827,40.77378845,-73.99079132,40.71947861,26.8,0
379,2016-02-01 08:57:00,11.79,-73.87099457,40.77360535,-73.99201965,40.76322556,40.84,0
380,2016-02-01 08:57:00,6.41,-73.87085724,40.77375031,-73.84467316,40.71578979,20.3,4
381,2016-02-01 08:58:00,11.9,-73.87069702,40.77370834,-73.91562653,40.6889267,33.8,2
382,2016-02-01 08:58:00,8.5,-73.87297058,40.77419281,-73.98577118,40.76548767,29.3,0
383,2016-02-01 08:59:00,10.44,-73.87301636,40.7722702,-73.93340302,40.68955994,35.55,4
384,2016-02-01 08:59:00,9.2,-73.8707962,40.77376556,-73.97554779,40.7921257,34.84,8
385,2016-02-01 08:59:00,11.48,-73.87091827,40.7736969,-73.99118805,40.76552582,47.81,0
386,2016-02-01 09:00:00,10,-73.87088776,40.77373886,-73.98887634,40.69338989,29.8,6
387,2016-02-01 09:00:00,13.88,-73.8710022,40.77373123,-73.93960571,40.65830612,42.3,6
388,2016-02-01 09:00:00,3.1,-73.87081146,40.77387238,-73.89331818,40.74398041,11.8,3
389,2016-02-01 09:00:00,8.66,-73.87099457,40.77369308,-73.98777008,40.74856949,32.34,6
390,2016-02-01 09:01:00,11.2,-73.87081909,40.7737236,-73.98623657,40.76200104,38.34,9
391,2016-02-01 09:01:00,11.5,-73.87298584,40.77419662,-73.89183807,40.66391754,33.8,0
392,2016-02-01 09:01:00,12.23,-73.87081909,40.77381134,-73.94429016,40.77199173,42.84,2
393,2016-02-01 09:01:00,9.09,-73.87083435,40.77370453,-73.95722198,40.77165604,39.41,0
394,2016-02-01 09:02:00,7.67,-73.87097168,40.77381134,-73.95201111,40.78639221,28.84,6
395,2016-02-01 09:02:00,3.8,-73.87408447,40.77305222,-73.9282074,40.76345444,13.8,6
396,2016-02-01 09:03:00,14.8,-73.87078094,40.77378082,-74.01547241,40.70501709,60.24,5
397,2016-02-01 09:03:00,10.8,-73.87081909,40.77383423,-73.98575592,40.77672958,39.34,9
398,2016-02-01 09:04:00,9.19,-73.87107849,40.77393723,-73.9865799,40.75834656,39.41,0
399,2016-02-01 09:04:00,9.42,-73.87088013,40.77368927,-73.98596191,40.75844955,41.81,2
400,2016-02-01 09:04:00,2.3,-73.87083435,40.77375412,-73.87583923,40.74719238,11.8,6
401,2016-02-01 09:04:00,7.59,-73.87158203,40.77415085,-73.95465851,40.72942352,27.96,1
402,2016-02-01 09:04:00,9.84,-73.87215424,40.77416229,-73.96982574,40.76626205,34.34,5
403,2016-02-01 09:05:00,10.55,-73.87081909,40.77371979,-73.97785187,40.75490189,44.21,1
404,2016-02-01 09:05:00,3.2,-73.87096405,40.7737999,-73.89087677,40.74688339,16,5
405,2016-02-01 09:06:00,8.4,-73.87064362,40.77359772,-73.98186493,40.74346161,36.99,0
406,2016-02-01 09:06:00,8.77,-73.87096405,40.77373886,-73.96219635,40.7772522,37.34,0
407,2016-02-01 09:06:00,10.9,-73.87085724,40.77376938,-73.9797287,40.77630997,38.34,4
408,2016-02-01 09:06:00,8.85,-73.8707428,40.77380371,-73.99264526,40.75443268,32.34,1
410,2016-02-01 20:49:00,0,-73.87016296,40.77352142,-73.87016296,40.77352142,3.8,6
411,2016-01-01 03:06:00,1.22,-73.87368011,40.77421951,-73.87612915,40.76913834,8.76,0
412,2016-01-01 03:36:00,9.84,-73.87241364,40.7744751,-73.9542923,40.69477463,28.8,0
417,2016-01-01 03:54:00,1.05,-73.87314606,40.77431488,-73.86196136,40.7685585,6.3,0
418,2016-01-01 03:57:00,1.2,-73.87374115,40.77390289,-73.86184692,40.76843643,7.3,1
419,2016-01-01 04:32:00,8.9,-73.87297058,40.77428436,-73.96977997,40.79684448,39.39,0
420,2016-01-01 05:09:00,5.8,-73.87355804,40.77420425,-73.92203522,40.73767853,18.8,4
421,2016-01-01 05:09:00,7.9,-73.87312317,40.77415085,-73.80680084,40.68783569,23.8,3
422,2016-01-01 05:09:00,4.16,-73.87333679,40.77383041,-73.93106079,40.75769043,20.3,0
423,2016-01-01 05:23:00,15.83,-73.87312317,40.77412033,-73.98983765,40.63650131,44.3,0
424,2016-01-01 05:31:00,7.1,-73.87312317,40.7743454,-73.81591034,40.69595337,22.3,5
425,2016-01-01 05:39:00,7.3,-73.87078094,40.77429581,-73.94480133,40.8030014,35.79,1
426,2016-01-01 05:49:00,1.7,-73.87223816,40.77436066,-73.91984558,40.73789597,11.62,9
427,2016-01-01 06:16:00,9.1,-73.87086487,40.77373886,-73.99648285,40.75349426,38.79,3
428,2016-01-01 06:16:00,13,-73.87089539,40.77438354,-73.77638245,40.64584351,44.75,0
429,2016-01-01 06:23:00,12.36,-73.87108612,40.77350616,-73.77671814,40.6448555,41.16,0
430,2016-01-01 06:27:00,12.4,-73.87101746,40.77370453,-73.77649689,40.64593887,42.95,0
431,2016-01-01 06:35:00,11.7,-73.87294006,40.7741394,-73.789711,40.64699554,32.8,3
432,2016-01-01 06:40:00,13.62,-73.87330627,40.77436829,-73.83706665,40.88404846,43.34,0
433,2016-01-01 06:42:00,2.29,-73.87399292,40.77383041,-73.86959839,40.7493515,10.3,2
434,2016-01-01 06:42:00,9.7,-73.87110901,40.77355194,-73.9863205,40.77240753,31.3,0
435,2016-01-01 06:49:00,3.39,-73.87174225,40.7742691,-73.87407684,40.74895096,14.3,7
436,2016-01-01 06:51:00,9.85,-73.87327576,40.77400208,-74.00363922,40.73934937,41.81,3
437,2016-01-01 06:54:00,8.6,-73.87086487,40.77375031,-73.96884918,40.80137253,39.99,8
438,2016-01-01 06:55:00,6.6,-73.87467957,40.77392197,-73.94759369,40.80954742,34.24,0
439,2016-01-01 06:56:00,10.44,-73.87275696,40.77399063,-73.98908997,40.73514938,36.36,0
440,2016-01-01 06:59:00,11.57,-73.87252045,40.77447128,-73.96836853,40.85490036,73.34,0
441,2016-01-01 07:01:00,6.77,-73.87336731,40.77394485,-73.94303894,40.71318817,20.8,6
442,2016-01-01 07:04:00,6.7,-73.87107086,40.77394104,-73.9499588,40.71760559,25,9
443,2016-01-01 07:19:00,12.58,-73.87097168,40.7742157,-73.77680206,40.64481354,41,0
444,2016-01-01 07:22:00,10.5,-73.87317657,40.774086,-73.78517914,40.66637802,37.25,0
445,2016-01-01 07:23:00,1.34,-73.87106323,40.77375031,-73.86164856,40.76826096,8.16,7
446,2016-01-01 07:26:00,0.18,-73.87306213,40.77415085,-73.8797226,40.77043152,3.8,3
447,2016-01-01 07:27:00,12.2,-73.8729248,40.77402878,-73.79039764,40.64680099,38.3,7
448,2016-01-01 07:47:00,12.55,-73.87301636,40.77406311,-73.93165588,40.66714859,38.3,0
449,2016-01-01 07:52:00,23.7,-73.87106323,40.77368927,-73.95481873,40.69264984,89.75,8
450,2016-01-01 07:55:00,9.06,-73.87098694,40.77370071,-73.95279694,40.766819,37.84,5
451,2016-01-01 07:55:00,8.5,-73.87033844,40.77347946,-73.95529175,40.77173996,34.34,0
452,2016-01-01 07:56:00,12.5,-73.8710022,40.77366257,-73.86071014,40.87515259,45.34,7
453,2016-01-01 07:56:00,6.95,-73.87111664,40.77376175,-73.90659332,40.70140839,29.64,7
454,2016-01-01 07:57:00,14.2,-73.87068176,40.77357101,-73.95317841,40.67132187,43.3,0
455,2016-01-01 07:59:00,6.7,-73.8711319,40.77386475,-73.94493103,40.8032341,26.84,0
456,2016-01-01 08:02:00,7,-73.87106323,40.77379608,-73.95217896,40.72434616,22.3,4
457,2016-01-01 08:02:00,8.2,-73.87081909,40.77365875,-73.80786896,40.7011261,29.76,4
458,2016-01-01 08:03:00,13.02,-73.87059021,40.77348709,-73.93745422,40.66745377,41.8,0
459,2016-01-01 08:04:00,11.1,-73.8711319,40.77357864,-73.98352814,40.75858688,45.4,0
460,2016-01-01 08:04:00,9,-73.8710022,40.77375031,-73.94341278,40.69452667,28.3,1
461,2016-01-01 08:05:00,8.75,-73.87147522,40.77390289,-73.97383118,40.74772263,30.84,5
462,2016-01-01 08:05:00,15.36,-73.87171173,40.77394104,-73.89070129,40.62995148,46.8,5
463,2016-01-01 08:06:00,10.7,-73.87052917,40.77344513,-73.97422791,40.75834656,36.34,4
464,2016-01-01 08:07:00,4.05,-73.87003326,40.77347183,-73.93267822,40.76742935,17.16,1
465,2016-01-01 08:07:00,7.88,-73.87217712,40.77403259,-73.94618988,40.820755,36.84,4
466,2016-01-01 08:08:00,10.1,-73.87095642,40.77372742,-73.98886108,40.7276268,36.6,0
467,2016-01-01 08:08:00,9.8,-73.87083435,40.77371979,-73.92745209,40.85325241,40.59,7
468,2016-01-01 08:09:00,15.31,-73.87098694,40.7736969,-74.01732635,40.70506668,47.84,0
469,2016-01-01 08:10:00,10.54,-73.86973572,40.77341843,-73.98070526,40.76459885,44.21,0
470,2016-01-01 08:10:00,8.5,-73.87083435,40.77367401,-73.98569489,40.75146866,30.34,5
471,2016-01-01 08:11:00,8.9,-73.87090302,40.77366257,-73.9373703,40.69303131,27.8,0
472,2016-01-01 08:11:00,7.66,-73.87414551,40.77336121,-73.9070282,40.7000885,28.3,0
473,2016-01-01 08:12:00,8.6,-73.87093353,40.77365875,-73.96916199,40.75653839,33.35,0
474,2016-01-01 08:13:00,11.08,-73.8710556,40.77373505,-73.98609161,40.76186752,45.41,0
475,2016-01-01 08:14:00,3.2,-73.87099457,40.77372742,-73.91993713,40.77428818,15.35,0
476,2016-01-01 08:14:00,11.18,-73.87084961,40.77368164,-73.90444183,40.80881882,39.34,0
477,2016-01-01 08:15:00,19.97,-73.87095642,40.77380753,-73.91434479,40.61702728,56.8,0
478,2016-01-01 08:15:00,8.1,-73.87010193,40.77353668,-73.95367432,40.78072357,30.34,7
479,2016-01-01 08:16:00,9.04,-73.8744278,40.77402115,-73.99182129,40.75022888,38.81,1
480,2016-01-01 08:16:00,9.3,-73.87101746,40.77388763,-73.96468353,40.68325806,34.75,0
481,2016-01-01 08:16:00,2.6,-73.87313843,40.77413177,-73.9174881,40.77109528,12.35,6
482,2016-01-01 08:17:00,9.4,-73.87123108,40.77381516,-73.98486328,40.76055145,34.34,7
483,2016-01-01 08:17:00,8.78,-73.8708725,40.77365875,-73.97531891,40.7435112,40.42,1
484,2016-01-01 08:18:00,14,-73.87095642,40.77381897,-74.00486755,40.72785568,54.99,1
485,2016-01-01 08:19:00,9.99,-73.86946106,40.77243042,-73.99124908,40.7197113,29.3,7
486,2016-01-01 08:19:00,0,-73.87116241,40.77432251,-73.87109375,40.77428436,5.84,6
487,2016-01-01 08:20:00,7.87,-73.87096405,40.7736702,-73.94777679,40.77544403,23.3,0
488,2016-01-01 08:20:00,11.5,-73.87313843,40.77413177,-74.00809479,40.70928574,33.3,0
489,2016-01-01 08:21:00,15.1,-73.8709259,40.77383041,-73.90235901,40.9055481,46.84,0
490,2016-01-01 08:21:00,9.33,-73.87440491,40.77407455,-73.97888184,40.76226044,32.84,3
491,2016-01-01 08:22:00,0,-73.87128448,40.77415848,-73.87128448,40.77429962,3.3,3
492,2016-01-01 08:22:00,2.42,-73.87300873,40.77397156,-73.90132141,40.77428055,13.39,2
493,2016-01-01 08:22:00,9.64,-73.87300873,40.77401352,-73.9894104,40.75889969,41.21,1
494,2016-01-01 08:23:00,8.7,-73.87285614,40.77417374,-73.94425201,40.69894791,34.75,9
495,2016-01-01 08:23:00,0.24,-73.87391663,40.7736969,-73.87698364,40.77190399,5.8,9
496,2016-01-01 08:23:00,10,-73.87602997,40.77340698,-73.97947693,40.68829727,29.3,0
497,2016-01-01 08:23:00,8.9,-73.87445068,40.77403259,-73.98579407,40.74020767,39.8,8
498,2016-01-01 08:24:00,11.7,-73.87290955,40.77381897,-73.79003143,40.64690781,42.25,0
499,2016-01-01 08:25:00,7,-73.87086487,40.77371216,-73.92481995,40.818367,27.34,0
500,2016-01-01 08:25:00,4,-73.87184906,40.77401352,-73.89247894,40.75858688,13.3,6
501,2016-01-01 08:26:00,1.6,-73.87078094,40.77360153,-73.88632202,40.76613998,9.3,3
502,2016-01-01 08:29:00,8.14,-73.87312317,40.77415848,-73.96897888,40.75605011,25.8,5
503,2016-01-01 08:30:00,5.36,-73.87104797,40.77354813,-73.87220001,40.73918152,22.88,0
504,2016-01-01 08:30:00,11.6,-73.8731308,40.77393341,-73.7898941,40.64321136,34.3,0
505,2016-01-01 08:30:00,8.2,-73.87056732,40.77202225,-73.95309448,40.77585602,35.19,2
506,2016-01-01 08:31:00,8.2,-73.8708725,40.77377319,-73.98081207,40.74491882,37,2
507,2016-01-01 08:31:00,9.41,-73.87075806,40.77370071,-73.98007202,40.73741531,35.76,4
508,2016-01-01 08:31:00,2.85,-73.87306213,40.77389526,-73.89259338,40.74717331,12.96,6
509,2016-01-01 08:33:00,3.7,-73.87094879,40.77383423,-73.91609192,40.74921417,16,4
510,2016-01-01 08:33:00,4.39,-73.87081909,40.77362823,-73.82221985,40.75733948,15.3,0
511,2016-01-01 08:33:00,9.92,-73.87386322,40.77386856,-73.9993515,40.7446785,39.42,7
512,2016-01-01 08:33:00,8.8,-73.87306976,40.77403641,-73.99047089,40.75701523,39.39,8
513,2016-01-01 08:34:00,8.9,-73.87239075,40.77421188,-73.94275665,40.83401108,48.6,7
514,2016-01-01 08:34:00,9.78,-73.87081146,40.77370834,-73.98034668,40.78238297,42.41,0
515,2016-01-01 08:34:00,9.36,-73.87316132,40.774189,-73.98590088,40.72275162,32.8,3
516,2016-01-01 08:34:00,8.43,-73.87085724,40.77394104,-73.9568634,40.77756882,33.34,0
517,2016-01-01 08:35:00,15.72,-73.87097168,40.77365875,-73.89467621,40.63338089,44.3,0
518,2016-01-01 08:37:00,6,-73.87080383,40.77378464,-73.82346344,40.71586227,18.8,5
519,2016-01-01 08:37:00,10.9,-73.87097931,40.77386475,-73.98249054,40.76446533,38.34,4
520,2016-01-01 08:38:00,7.8,-73.87078094,40.77365875,-73.95379639,40.77994156,32.34,0
521,2016-01-01 08:38:00,10.98,-73.87094116,40.77375031,-73.98632813,40.76165009,36.84,0
522,2016-01-01 08:38:00,3.17,-73.87073517,40.77373886,-73.92432404,40.76865768,11.3,0
523,2016-01-01 08:39:00,11,-73.8763504,40.7722435,-73.9132843,40.68538666,35,1
524,2016-01-01 08:39:00,12.98,-73.87364197,40.77396011,-73.93893433,40.66394424,43.8,0
525,2016-01-01 08:39:00,9.82,-73.86959076,40.77305984,-73.9283371,40.86807632,35.76,0
526,2016-01-01 08:41:00,8.48,-73.87082672,40.77370834,-73.77458191,40.72317123,25.3,2
527,2016-01-01 08:41:00,37.57,-73.87088776,40.77374649,-74.02533722,40.61470795,99.8,3
528,2016-01-01 08:41:00,8.22,-73.87084961,40.77365875,-73.94603729,40.77325821,35.81,5
529,2016-01-01 08:42:00,9.7,-73.87090302,40.77367783,-73.94273376,40.84117126,36.84,0
530,2016-01-01 08:43:00,5.26,-73.87094116,40.77371979,-73.84860992,40.72409058,16.8,3
531,2016-01-01 08:44:00,10.96,-73.87467957,40.77397919,-74.00778961,40.73212814,40.38,6
532,2016-01-01 08:44:00,9.6,-73.87085724,40.77367783,-73.98648834,40.71585846,28.3,7
533,2016-01-01 08:44:00,9.52,-73.87088013,40.77371979,-73.80290222,40.7163887,29.3,0
534,2016-01-01 08:45:00,8.6,-73.87082672,40.77371216,-73.80964661,40.67795181,27.3,6
535,2016-01-01 08:46:00,9.8,-73.87080383,40.77378845,-73.85122681,40.83887863,35.34,0
536,2016-01-01 08:47:00,3.7,-73.87088776,40.77362823,-73.88201904,40.74353409,14.3,5
537,2016-01-01 08:47:00,8.1,-73.87089539,40.77372742,-73.93360138,40.6985054,31,2
538,2016-01-01 08:47:00,9.2,-73.87093353,40.77378845,-73.93575287,40.84267044,33.34,5
539,2016-01-01 08:47:00,8.98,-73.87084961,40.77362823,-73.95960236,40.76998901,35.84,6
540,2016-01-01 08:47:00,9.7,-73.87097168,40.77358627,-73.98435974,40.71521378,29.3,8
541,2016-01-01 08:48:00,2.4,-73.8707962,40.7737236,-73.90930939,40.76126862,10.3,4
542,2016-01-01 08:49:00,8.5,-73.87107086,40.77376175,-73.95310211,40.77080917,35.84,0
543,2016-01-01 08:49:00,11.3,-73.87078857,40.77371979,-73.98134613,40.76386261,38.84,1
544,2016-01-01 08:50:00,11.13,-73.8707428,40.77365112,-73.82183075,40.86349106,37.34,8
545,2016-01-01 08:50:00,9.74,-73.87302399,40.77415085,-73.96928406,40.76067352,37.84,0
546,2016-01-01 08:50:00,2.17,-73.87084961,40.77368164,-73.88397217,40.75185013,13.5,9
547,2016-01-01 08:50:00,9.42,-73.87055206,40.77342987,-73.98577118,40.75912094,40.61,5
548,2016-01-01 08:51:00,9.88,-73.87093353,40.7736702,-73.96887207,40.75600815,34.34,9
549,2016-01-01 08:56:00,10.5,-73.8711853,40.77365112,-73.98415375,40.75695038,37.8,0
550,2016-01-01 08:56:00,7.29,-73.8710022,40.7738533,-73.80783844,40.70070648,28.3,3
551,2016-01-01 08:57:00,7.4,-73.87075806,40.77381516,-73.94290161,40.78564453,27.84,2
552,2016-01-01 08:59:00,3.7,-73.87458801,40.77345276,-73.86006927,40.75323868,14.3,1
553,2016-01-01 08:59:00,8.88,-73.87303162,40.77407074,-73.79185486,40.70521545,28.8,7
554,2016-01-01 09:00:00,8.7,-73.87091827,40.77360916,-73.96425629,40.80487061,42.89,4
555,2016-01-01 09:00:00,12.37,-73.87139893,40.77365494,-73.8605957,40.86317825,40.34,9
556,2016-01-01 09:00:00,8.75,-73.87075806,40.77362061,-73.97325134,40.76411819,25.8,0
557,2016-01-01 09:01:00,10.31,-73.87120056,40.7739563,-73.98139954,40.77877045,46.05,7
558,2016-01-01 09:02:00,6.03,-73.87058258,40.77349091,-73.93537903,40.80038071,24.84,9
559,2016-01-01 09:02:00,6.32,-73.87303925,40.77414322,-73.9366684,40.80413055,24.84,7
560,2016-01-01 09:06:00,7.16,-73.87458038,40.7740097,-73.95485687,40.80672455,35.21,0
561,2016-01-01 09:08:00,5.9,-73.87306976,40.77416992,-73.86872864,40.72864914,25.3,3
562,2016-01-01 09:08:00,8.73,-73.87093353,40.77371979,-73.98670959,40.7485466,31.34,0
563,2016-01-01 09:08:00,11.4,-73.87316895,40.77410889,-73.99177551,40.7557106,38.84,5
564,2016-01-01 09:09:00,10.3,-73.87297821,40.77420044,-73.97546387,40.75240707,34.84,5
565,2016-01-01 09:09:00,13.84,-73.87075806,40.77366257,-73.89424896,40.64148331,39.3,8
566,2016-01-01 09:09:00,3.82,-73.87110901,40.77383804,-73.93096161,40.76083755,16.56,7
567,2016-01-01 09:11:00,8.15,-73.87064362,40.77349091,-73.9465332,40.77246094,36.41,0
568,2016-01-01 09:11:00,9.5,-73.87078857,40.77368927,-73.9936142,40.72462463,33,7
569,2016-01-01 09:11:00,14.39,-73.87094879,40.77364349,-73.94413757,40.64927673,43.3,8
570,2016-01-01 09:12:00,12.27,-73.8731308,40.77415848,-73.99279022,40.75447845,49.61,8
571,2016-01-01 09:13:00,10.89,-73.87088013,40.77379227,-73.98081207,40.76340866,45.41,0
572,2016-01-01 09:14:00,3,-73.87106323,40.77342606,-73.90538025,40.75616455,11.3,0
573,2016-01-01 09:15:00,7.52,-73.87101746,40.77358246,-73.94927979,40.78438187,28.84,3
574,2016-01-01 09:16:00,3.85,-73.87290955,40.77433014,-73.90869141,40.77141953,13.3,3
575,2016-01-01 09:16:00,8.1,-73.87300873,40.77403641,-73.93736267,40.82756805,30.84,0
576,2016-01-01 09:16:00,8.35,-73.86981964,40.77252197,-73.94859314,40.77749252,30.84,0
577,2016-01-01 09:18:00,11.61,-73.87081909,40.77373886,-73.84623718,40.86600113,38.34,1
578,2016-01-01 09:19:00,17.53,-73.87094116,40.77376938,-74.03148651,40.74486923,123.96,3
579,2016-01-01 09:20:00,12,-73.87303925,40.77413177,-73.740242,40.69688034,34.3,7
580,2016-01-01 09:20:00,11.3,-73.87312317,40.77417374,-73.9859314,40.75074768,38.34,0
581,2016-01-01 09:22:00,11,-73.87110138,40.77377319,-73.83813477,40.85955048,36.34,6
582,2016-01-01 09:22:00,11.26,-73.87307739,40.77412033,-73.9848938,40.75196075,45.41,7
583,2016-01-01 09:22:00,8.77,-73.87316895,40.77415848,-73.99171448,40.74939728,32.34,7
584,2016-01-01 09:22:00,10.4,-73.8708725,40.77375031,-73.92546844,40.86509705,45.34,4
585,2016-01-01 09:25:00,3.65,-73.87467194,40.77412033,-73.88981628,40.7401619,13.8,3
586,2016-01-01 09:26:00,6.83,-73.87464142,40.77391815,-73.93682098,40.81583023,32.21,1
587,2016-01-01 09:27:00,10.5,-73.87440491,40.77397537,-73.98072815,40.76464844,43.34,8
588,2016-01-01 09:28:00,8.4,-73.8708725,40.77371597,-73.95612335,40.7758522,36.99,6
589,2016-01-01 09:32:00,9.35,-73.87303925,40.77404785,-73.98576355,40.75883484,34.84,3
590,2016-01-01 09:34:00,3.42,-73.87294769,40.77410126,-73.91558838,40.7796402,11.8,0
591,2016-01-01 09:34:00,0,-73.86976624,40.77248764,-73.86976624,40.77248764,3.3,0
592,2016-01-01 09:35:00,11.2,-73.87099457,40.77367401,-73.98431396,40.7595253,37.84,8
593,2016-01-01 09:36:00,10.9,-73.87090302,40.77379227,-73.98462677,40.76835632,37.84,3
594,2016-01-01 09:45:00,13.64,-73.87103271,40.77384567,-74.01790619,40.70939636,38.8,0
595,2016-01-01 09:45:00,13.7,-73.8708725,40.77376556,-74.00596619,40.72714233,44.84,5
596,2016-01-01 09:45:00,8.9,-73.87091827,40.77370071,-73.97171021,40.75611115,27.3,3
597,2016-01-01 09:47:00,8.7,-73.87095642,40.77375412,-73.98794556,40.74811554,31.84,8
598,2016-01-01 09:48:00,8.77,-73.8704071,40.77352142,-73.98590851,40.75069046,31.84,0
599,2016-01-01 09:48:00,8.9,-73.87077332,40.77371979,-73.99237823,40.75211334,32.84,1
600,2016-01-01 09:51:00,22.9,-73.87290192,40.77391815,-73.62256622,40.86762619,92.3,3
601,2016-01-01 09:55:00,8.27,-73.87136841,40.77384186,-73.95333862,40.77935028,29.84,2
602,2016-01-01 09:56:00,22.5,-73.87123871,40.77378082,-73.96273804,40.60456848,65.3,5
603,2016-01-01 09:56:00,5.14,-73.87050629,40.77357101,-73.82862854,40.75286865,16.8,0
604,2016-01-01 09:56:00,10.19,-73.87082672,40.77368164,-73.99044037,40.73123169,36.36,3
605,2016-01-01 09:57:00,9.94,-73.87096405,40.77373123,-73.97053528,40.76553726,34.84,7
606,2016-01-01 09:57:00,12.09,-73.87010193,40.7731781,-73.98525238,40.66439819,39.8,3
607,2016-01-01 09:58:00,8.89,-73.87084961,40.77373886,-73.95584106,40.76753998,31.34,0
608,2016-01-01 09:58:00,11.9,-73.8707962,40.77370071,-73.98592377,40.74501801,47.84,1
609,2016-01-01 09:58:00,5.4,-73.8728714,40.77399826,-73.92388916,40.74054337,20.75,6
610,2016-01-01 09:58:00,5,-73.87080383,40.77373123,-73.85037994,40.72883987,19.32,5
611,2016-01-01 10:00:00,8.5,-73.87088776,40.77375412,-73.95853424,40.78167343,41.05,9
612,2016-01-01 10:01:00,9.57,-73.87116241,40.77363968,-73.75968933,40.72132111,27.8,7
613,2016-01-01 10:03:00,0.8,-73.87037659,40.77363205,-73.87306213,40.7684288,6.5,0
614,2016-01-01 10:03:00,10.12,-73.87088776,40.77370834,-73.96774292,40.75624847,35.34,9
615,2016-01-01 10:03:00,8.11,-73.87094879,40.77374268,-73.97564697,40.75070953,32.44,4
616,2016-01-01 10:04:00,1.5,-73.87109375,40.77373886,-73.8814621,40.75997162,7.8,7
617,2016-01-01 10:04:00,9.11,-73.87094879,40.77381897,-73.98239899,40.73120117,35.34,9
618,2016-01-01 10:05:00,12.8,-73.87081146,40.77375412,-74.0174942,40.70687866,43.55,1
619,2016-01-01 10:06:00,8.63,-73.8706131,40.77350235,-73.97229767,40.7558403,37.01,7
620,2016-01-01 10:06:00,3.59,-73.87088013,40.77378082,-73.92684937,40.76290131,16.64,0
621,2016-01-01 10:06:00,9.09,-73.87212372,40.77420425,-73.81685638,40.83531189,38.81,0
622,2016-01-01 10:07:00,9.15,-73.87096405,40.7736702,-73.97324371,40.75988388,32.84,1
623,2016-01-01 10:08:00,7.9,-73.8708725,40.77377701,-73.94976044,40.78057098,29.84,5
624,2016-01-01 10:08:00,5.4,-73.87403107,40.77384949,-73.86566162,40.72565079,18.3,1
625,2016-01-01 10:08:00,11.84,-73.87452698,40.77408981,-73.79117584,40.64580917,33.3,0
626,2016-01-01 10:09:00,4.78,-73.87091827,40.77381134,-73.84670258,40.77468109,15.3,7
627,2016-01-01 10:09:00,1.7,-73.87084961,40.77377319,-73.88438416,40.76039886,8.8,7
628,2016-01-01 10:10:00,8.65,-73.8707962,40.77371979,-73.94267273,40.8321991,37.61,6
629,2016-01-01 10:10:00,15.69,-73.8707962,40.77371597,-73.96186829,40.64032745,43.8,0
630,2016-01-01 10:10:00,6.9,-73.87290955,40.77401352,-73.95349121,40.733181,24.95,5
631,2016-01-01 10:10:00,8.68,-73.8747406,40.77406693,-73.95806885,40.77376556,31.34,0
632,2016-01-01 10:10:00,7.4,-73.87075043,40.77348709,-73.95978546,40.81556702,34.84,0
633,2016-01-01 10:10:00,8,-73.87065887,40.77358627,-73.95096588,40.77780533,33.84,6
634,2016-01-01 10:11:00,10.4,-73.87071228,40.77362823,-73.98513031,40.77812576,38.34,4
635,2016-01-01 10:11:00,7.3,-73.87295532,40.77396774,-73.95173645,40.80374908,29.34,9
636,2016-01-01 10:11:00,3.67,-73.87088776,40.77376938,-73.9213562,40.75318146,14.8,0
637,2016-01-01 10:11:00,10.61,-73.87446594,40.77398682,-73.99459076,40.69793701,29.8,7
638,2016-01-01 10:11:00,10.2,-73.87460327,40.77394104,-74.0031662,40.72692871,38.5,0
639,2016-01-01 10:11:00,8.1,-73.87104797,40.77384186,-73.94757843,40.77364731,35.21,2
640,2016-01-01 10:12:00,7.1,-73.87091064,40.77383804,-73.94049835,40.81732941,31.34,0
641,2016-01-01 10:13:00,5.37,-73.87294006,40.77403641,-73.8422699,40.72213364,24.8,5
642,2016-01-01 10:13:00,8.16,-73.87072754,40.7736969,-73.97918701,40.74727631,37.92,0
643,2016-01-01 10:14:00,11.39,-73.87083435,40.77366257,-73.98771667,40.75915146,33.3,2
644,2016-01-01 10:14:00,6.54,-73.87062836,40.77355957,-73.89808655,40.72451019,23.8,0
645,2016-01-01 10:15:00,3.4,-73.87059021,40.77358246,-73.887146,40.74484253,15.36,0
646,2016-01-01 10:16:00,9.4,-73.87076569,40.77367783,-73.96006775,40.75830841,39.41,4
647,2016-01-01 10:16:00,13,-73.87300873,40.77424622,-73.97517395,40.66676712,44.75,0
648,2016-01-01 10:16:00,10,-73.87452698,40.77406311,-73.98625183,40.69269943,34.27,6
649,2016-01-01 10:16:00,7.7,-73.87073517,40.77358246,-73.94602203,40.78211212,33.99,7
650,2016-01-01 10:16:00,10.21,-73.87373352,40.77406693,-73.99258423,40.72406006,31.8,8
651,2016-01-01 10:16:00,6.9,-73.87446594,40.77402496,-73.94714355,40.7142868,22.3,2
652,2016-01-01 10:17:00,6.8,-73.87071991,40.77357483,-73.9417572,40.81034851,32.79,9
653,2016-01-01 10:17:00,6.24,-73.87443542,40.77404785,-73.96453094,40.76159668,26.39,1
654,2016-01-01 10:18:00,9.08,-73.87113953,40.77378082,-73.76531982,40.7213707,26.8,0
655,2016-01-01 10:18:00,10.13,-73.8744812,40.77405167,-73.9752121,40.76514053,42.41,4
656,2016-01-01 10:19:00,10,-73.87071991,40.77365875,-73.98471832,40.74455643,35.8,9
657,2016-01-01 10:19:00,13.35,-73.87306976,40.774189,-73.98487091,40.66513824,39.3,3
658,2016-01-01 10:19:00,8.8,-73.87543488,40.7737236,-73.96420288,40.77408218,33.84,0
659,2016-01-01 10:19:00,4.3,-73.87095642,40.77371979,-73.913414,40.7458725,18.35,7
660,2016-01-01 10:19:00,7.39,-73.8713913,40.77392578,-73.95137024,40.70933914,21.8,0
661,2016-01-01 10:19:00,8.92,-73.87477112,40.77407455,-73.99213409,40.74943924,38.81,8
662,2016-01-01 10:19:00,10.04,-73.87449646,40.774086,-73.98052216,40.78514481,49.18,0
663,2016-01-01 10:20:00,4.1,-73.87078857,40.77367783,-73.92677307,40.75952911,16.8,0
664,2016-01-01 10:21:00,11,-73.87097168,40.77373886,-73.90698242,40.6831665,37.55,0
665,2016-01-01 10:21:00,10.63,-73.87095642,40.77381897,-73.97767639,40.75484848,47.24,1
666,2016-01-01 10:22:00,10.73,-73.87097931,40.77376938,-73.98937988,40.77648163,47.92,0
667,2016-01-01 10:22:00,0,-73.87095642,40.77412033,-73.87095642,40.77410889,45.3,4
668,2016-01-01 10:22:00,11.88,-73.87328339,40.77413559,-73.79048157,40.6467514,33.3,5
669,2016-01-01 10:23:00,8.85,-73.87088013,40.77381134,-73.95274353,40.76638031,39.8,8
670,2016-01-01 10:23:00,16.4,-73.87297821,40.77407837,-73.82911682,40.8543396,51.34,0
671,2016-01-01 10:23:00,3.2,-73.87466431,40.77398682,-73.87466431,40.77398682,10.34,7
672,2016-01-01 10:23:00,12.78,-73.87475586,40.77394104,-73.99234772,40.75651169,42.84,6
673,2016-01-01 10:23:00,1.37,-73.87297058,40.77416992,-73.89414215,40.76856995,7.3,2
674,2016-01-01 10:24:00,8.08,-73.87309265,40.77394867,-73.80581665,40.68099976,23.3,1
675,2016-01-01 10:24:00,3.58,-73.87129211,40.77400589,-73.88404846,40.74589157,12.8,1
676,2016-01-01 10:24:00,3.97,-73.87296295,40.7740593,-73.8755722,40.73711014,15.8,0
677,2016-01-01 10:24:00,10.5,-73.87297058,40.77413559,-73.8263092,40.66337204,35.8,0
678,2016-01-01 10:25:00,8.51,-73.87097168,40.77368927,-73.91968536,40.70500946,30.96,5
679,2016-01-01 10:26:00,7.4,-73.87288666,40.77401733,-73.94880676,40.78869629,28.34,9
680,2016-01-01 10:26:00,11,-73.8744278,40.77399826,-73.98609924,40.75819016,38.34,3
681,2016-01-01 10:26:00,9.3,-73.87552643,40.7731514,-73.9829483,40.7558403,33.34,3
682,2016-01-01 10:26:00,7.06,-73.87387848,40.77374268,-73.8082428,40.78290176,22.3,0
683,2016-01-01 10:26:00,11.7,-73.87298584,40.77393723,-73.7900238,40.6432457,32.8,0
684,2016-01-01 10:26:00,8.9,-73.87314606,40.77417374,-73.98453522,40.75722504,32.84,0
685,2016-01-01 10:27:00,9.22,-73.87470245,40.77407074,-73.98491669,40.76065063,33.34,2
686,2016-01-01 10:27:00,12.26,-73.87358856,40.77394485,-73.91500092,40.87881851,50.42,8
687,2016-01-01 10:27:00,10.83,-73.8728714,40.77423096,-73.98226929,40.76296997,44.81,0
688,2016-01-01 10:28:00,10.79,-73.87322998,40.77418137,-73.98174286,40.76535034,38.84,0
689,2016-01-01 10:29:00,10.81,-73.87306213,40.77418137,-73.9821701,40.76517105,38.84,7
690,2016-01-01 10:29:00,12,-73.87419128,40.7740097,-73.98274994,40.73221588,47.2,8
691,2016-01-01 10:31:00,11.1,-73.87098694,40.77368927,-73.97907257,40.67858124,31.8,0
692,2016-01-01 10:31:00,11.27,-73.87081909,40.77376556,-73.99580383,40.71857071,34.8,2
693,2016-01-01 10:32:00,14.94,-73.8707962,40.7736702,-74.00701904,40.70761871,47.34,8
694,2016-01-01 10:33:00,9.1,-73.87075043,40.77359009,-73.98192596,40.75566101,32.84,5
695,2016-01-01 10:33:00,10.9,-73.8711853,40.77397156,-73.85405731,40.80527878,42.8,0
696,2016-01-01 10:35:00,8.47,-73.87106323,40.77381134,-73.9776535,40.75059128,30.34,3
697,2016-01-01 10:38:00,9.4,-73.87098694,40.77360153,-73.98503113,40.75684738,34.34,0
698,2016-01-01 10:38:00,9,-73.8708725,40.77373886,-73.98839569,40.75758362,37.34,5
699,2016-01-01 10:38:00,10.2,-73.8705368,40.77354813,-74.00759125,40.74085236,36.84,0
700,2016-01-01 10:42:00,9.6,-73.87089539,40.77371216,-73.96043396,40.7630806,34.34,0
701,2016-01-01 10:42:00,12.1,-73.87073517,40.77362061,-73.78263855,40.64395905,33.8,0
702,2016-01-01 10:43:00,8.9,-73.87287903,40.77394485,-73.98606873,40.71903992,29.8,2
703,2016-01-01 10:44:00,6.88,-73.87082672,40.77365875,-73.9573288,40.73279953,26.76,4
704,2016-01-01 10:44:00,11.6,-73.87075806,40.77361679,-73.93431091,40.66455841,35.8,3
705,2016-01-01 10:45:00,8.88,-73.87084198,40.77372742,-73.97669983,40.74992752,31.84,3
706,2016-01-01 10:45:00,7.14,-73.8710022,40.77373886,-73.95574188,40.81393814,28.34,9
707,2016-01-01 10:45:00,8.31,-73.86995697,40.77293777,-73.95497894,40.77334595,35.81,2
708,2016-01-01 10:47:00,8.8,-73.87106323,40.77384186,-73.93956757,40.69121552,27.8,4
709,2016-01-01 10:48:00,1.15,-73.87116241,40.77383041,-73.88053131,40.76765823,5.8,0
710,2016-01-01 10:52:00,3.18,-73.87301636,40.77394104,-73.90341187,40.74591064,11.8,0
711,2016-01-01 10:52:00,9.6,-73.87293243,40.77390289,-73.96790314,40.68032837,35.35,8
712,2016-01-01 10:58:00,6.43,-73.87303925,40.77418137,-73.94229889,40.71759033,19.8,5
713,2016-01-01 10:58:00,6.1,-73.87126923,40.77377319,-73.82918549,40.71053314,18.8,7
714,2016-01-01 10:59:00,8.45,-73.87293243,40.77412033,-73.96746063,40.79375076,31.34,0
715,2016-01-01 11:00:00,12.37,-73.87297821,40.77421951,-74.0082016,40.70769119,41.76,7
716,2016-01-01 11:01:00,7.3,-73.87100983,40.77382278,-73.92358398,40.82500839,33.34,0
717,2016-01-01 11:03:00,12.32,-73.87056732,40.77351379,-73.9078598,40.88375092,52.44,0
718,2016-01-01 11:03:00,8.4,-73.87102509,40.77371979,-73.97738647,40.74298477,36.41,3
719,2016-01-01 11:04:00,3.44,-73.87358093,40.77377701,-73.92673492,40.76519012,12.8,9
720,2016-01-01 11:04:00,11.47,-73.87081146,40.7736969,-73.98544312,40.75198746,47.21,0
721,2016-01-01 11:04:00,7.4,-73.8708725,40.77367401,-73.81381989,40.69382858,22.8,7
722,2016-01-01 11:04:00,3.3,-73.87358093,40.77404022,-73.91683197,40.76437759,15.95,6
723,2016-01-01 11:05:00,9.4,-73.87083435,40.77368164,-73.98549652,40.76123047,33.34,2
724,2016-01-01 11:05:00,7.77,-73.87078094,40.77370834,-73.95146179,40.7802887,32.84,8
725,2016-01-01 11:05:00,10.45,-73.87297058,40.77421188,-73.97879028,40.7645607,44.21,2
726,2016-01-01 11:06:00,21.3,-73.87280273,40.77345657,-74.08882904,40.59521484,68.38,0
727,2016-01-01 11:06:00,10.9,-73.87094879,40.77378464,-73.91778564,40.8727417,44.19,0
728,2016-01-01 11:07:00,0.7,-73.87466431,40.77398682,-73.87466431,40.77398682,6.8,0
729,2016-01-01 11:07:00,9.3,-73.87089539,40.77366257,-73.97911072,40.76190567,39.34,0
730,2016-01-01 11:07:00,10,-73.87089539,40.77370071,-73.99993134,40.72410583,30.8,0
731,2016-01-01 11:07:00,11.1,-73.87068939,40.77365875,-73.98267365,40.73683167,39.8,0
732,2016-01-01 11:07:00,10.7,-73.87084961,40.77368546,-73.97809601,40.76462555,37.84,0
733,2016-01-01 11:09:00,31.88,-73.87310791,40.77396393,-74.18359375,40.68832016,115.84,7
734,2016-01-01 11:10:00,12.04,-73.87343597,40.77404404,-74.00934601,40.71535873,34.8,9
735,2016-01-01 11:10:00,9.62,-73.87306976,40.77426147,-73.99964142,40.71955109,29.3,7
736,2016-01-01 11:11:00,8.15,-73.87303162,40.77421951,-73.87307739,40.82234955,29.34,0
737,2016-01-01 11:12:00,10.3,-73.8746109,40.77408981,-73.97486877,40.75851822,35.84,7
738,2016-01-01 11:12:00,11.68,-73.87290192,40.77413559,-73.90914154,40.68901062,32.8,4
739,2016-01-01 11:13:00,9.6,-73.87069702,40.77394485,-73.97897339,40.76138306,34.34,6
740,2016-01-01 11:14:00,9.53,-73.87316895,40.77412033,-73.98143005,40.71480179,34,0
741,2016-01-01 11:14:00,9.4,-73.87297058,40.77415848,-73.96154785,40.75577164,39.39,0
742,2016-01-01 11:14:00,11.62,-73.8730011,40.77403641,-73.81632233,40.81596756,38.34,0
743,2016-01-01 11:14:00,10.42,-73.87523651,40.77388382,-73.97419739,40.7505188,42.41,2
744,2016-01-01 11:15:00,7.9,-73.8746109,40.77413559,-73.95214081,40.78118515,29.84,0
745,2016-01-01 11:16:00,8.7,-73.87291718,40.77415848,-73.92430115,40.69903183,27.3,0
746,2016-01-01 11:16:00,5.3,-73.87295532,40.77410126,-73.85198975,40.72389984,17.8,6
747,2016-01-01 11:16:00,8.89,-73.87447357,40.77402115,-73.97229767,40.75588989,32.34,3
748,2016-01-01 11:16:00,8.73,-73.87304688,40.77409363,-73.97921753,40.76529694,28.8,9
749,2016-01-01 11:17:00,5.07,-73.87308502,40.77409744,-73.84718323,40.72312164,22.49,2
750,2016-01-01 11:17:00,10.39,-73.87347412,40.77423859,-73.97859192,40.76179504,35.84,0
751,2016-01-01 11:17:00,11.1,-73.87454224,40.77404785,-73.9890976,40.7575798,43.34,0
752,2016-01-01 11:18:00,6.6,-73.87507629,40.77402115,-73.94419098,40.71673584,21.8,5
753,2016-01-01 11:18:00,10.68,-73.87379456,40.77381134,-73.9814682,40.76861572,37.34,9
754,2016-01-01 11:18:00,10.02,-73.87322998,40.77415848,-73.97901154,40.7833519,36.34,0
755,2016-01-01 11:19:00,16.3,-73.87400818,40.77368546,-73.99930573,40.63207626,44.8,0
756,2016-01-01 11:20:00,8.23,-73.87478638,40.7739296,-73.97846222,40.74753952,36.8,4
757,2016-01-01 11:20:00,5.79,-73.87311554,40.77414703,-73.95298767,40.74602509,23.16,0
758,2016-01-01 11:20:00,9.73,-73.87464142,40.77408981,-73.9788208,40.78676987,36.34,2
759,2016-01-01 11:20:00,12.46,-73.87320709,40.77404404,-73.95740509,40.66275406,36.3,0
760,2016-01-01 11:21:00,9.29,-73.87319183,40.77404022,-73.96351624,40.76168823,39.41,9
761,2016-01-01 11:21:00,2.63,-73.87332153,40.77396011,-73.86666107,40.76773071,11.3,5
762,2016-01-01 11:21:00,9.13,-73.87489319,40.77406311,-73.99388885,40.74565125,39.41,2
763,2016-01-01 11:21:00,8,-73.87447357,40.77406693,-73.97515869,40.74443817,35.19,0
764,2016-01-01 11:21:00,7.9,-73.87451172,40.77410126,-73.95185852,40.77861786,38.79,2
765,2016-01-01 11:22:00,17.21,-73.87478638,40.77389908,-73.62805939,40.79032135,60.8,0
766,2016-01-01 11:23:00,9.5,-73.87447357,40.77406311,-73.91113281,40.70487976,34.8,0
767,2016-01-01 11:23:00,9.1,-73.87444305,40.77404404,-73.9917984,40.74417114,39.99,0
768,2016-01-01 11:23:00,9.37,-73.87328339,40.7739563,-73.98605347,40.75759125,45.94,4
769,2016-01-01 11:23:00,6.56,-73.87486267,40.77401733,-73.95386505,40.74329758,24.75,6
770,2016-01-01 11:24:00,11.5,-73.8744812,40.77413559,-73.99008179,40.7556572,39.84,2
771,2016-01-01 11:24:00,9.5,-73.87300873,40.77408981,-73.9406662,40.85144806,39.39,5
772,2016-01-01 11:24:00,7.63,-73.87091827,40.77362061,-73.94571686,40.7781601,35.42,0
773,2016-01-01 11:24:00,11.76,-73.87301636,40.77421188,-73.99861145,40.68167114,33.3,5
774,2016-01-01 11:24:00,12,-73.87291718,40.77423096,-73.99900818,40.67736053,40.56,8
775,2016-01-01 11:24:00,9,-73.8727417,40.77420044,-73.98435211,40.75842285,39.39,0
776,2016-01-01 11:24:00,6.9,-73.87445068,40.77403259,-73.94662476,40.80480194,31.34,2
777,2016-01-01 11:24:00,10.88,-73.87445831,40.77403259,-73.97921753,40.76395416,42.84,0
778,2016-01-01 11:25:00,10.6,-73.87454987,40.7740593,-73.97531128,40.75762177,43.61,0
779,2016-01-01 11:25:00,8.97,-73.86994934,40.77323151,-73.994133,40.75329971,42.69,0
780,2016-01-01 11:25:00,7.4,-73.8746109,40.77412033,-73.94868469,40.80399704,28.84,0
781,2016-01-01 11:25:00,10.11,-73.87106323,40.77390289,-73.85800171,40.8396759,35.34,0
782,2016-01-01 11:26:00,10.77,-73.87468719,40.77412033,-73.98139954,40.76911926,44.81,0
783,2016-01-01 11:26:00,9.3,-73.87297058,40.77417374,-73.97661591,40.69438934,27.3,0
784,2016-01-01 11:26:00,2.5,-73.87319183,40.77409363,-73.89498138,40.75641632,10.3,9
785,2016-01-01 11:26:00,6.4,-73.87110901,40.77381134,-73.95420837,40.7419281,19.3,0
786,2016-01-01 11:26:00,11.4,-73.87447357,40.773983,-74.00893402,40.71528625,40.55,0
787,2016-01-01 11:26:00,9.6,-73.87258911,40.77426529,0,0,35.84,8
788,2016-01-01 11:26:00,12.18,-73.87512207,40.77381134,-73.78225708,40.64421844,33.8,0
789,2016-01-01 11:27:00,11.51,-73.8730011,40.7740593,-73.98205566,40.67223358,42.36,1
790,2016-01-01 11:27:00,11.8,-73.87454224,40.7741127,-74.00968933,40.70622253,41.15,2
791,2016-01-01 11:27:00,9.96,-73.87307739,40.77417374,-73.94236755,40.68943405,35.3,1
792,2016-01-01 11:27:00,8.82,-73.87459564,40.77410889,-73.98579407,40.7551384,32.34,8
793,2016-01-01 11:27:00,9.08,-73.87094116,40.77375412,-73.95582581,40.76396179,31.84,0
794,2016-01-01 11:28:00,6.5,-73.87445831,40.77394104,-73.81954956,40.72261047,20.3,0
795,2016-01-01 11:28:00,9.2,-73.87312317,40.77417755,-73.9729538,40.69393158,32.75,8
796,2016-01-01 11:28:00,12.09,-73.87300873,40.774189,-73.88188171,40.8682785,50.84,8
797,2016-01-01 11:29:00,8.4,-73.8745575,40.77409744,-73.94056702,40.69272614,31.55,0
798,2016-01-01 11:29:00,8.7,-73.87448883,40.77402878,-73.96622467,40.69467926,27.83,4
799,2016-01-01 11:29:00,10.25,-73.87449646,40.77412033,-74.00756836,40.74091721,36.84,3
800,2016-01-01 11:29:00,11,-73.87304688,40.77428055,-73.98684692,40.67308044,37.3,0
801,2016-01-01 11:29:00,10.39,-73.87577057,40.77351379,-73.97665405,40.76249313,36.84,9
802,2016-01-01 11:29:00,7.17,-73.87441254,40.77400208,-73.96392822,40.76128387,29.76,0
803,2016-01-01 11:29:00,9.3,-73.87100983,40.77352905,-73.98889923,40.73654938,40.01,5
804,2016-01-01 11:30:00,9.4,-73.87295532,40.77410889,-73.99271393,40.75656891,34.84,6
805,2016-01-01 11:30:00,10.28,-73.87078094,40.77370071,-73.97261047,40.67498779,32.3,0
806,2016-01-01 11:30:00,11.31,-73.87107086,40.77362061,-73.98821259,40.76156998,41.84,7
807,2016-01-01 11:30:00,8.55,-73.87322235,40.77394867,-73.98828888,40.7508812,82.84,5
808,2016-01-01 11:30:00,10.26,-73.87451172,40.77410889,-73.97486877,40.75622177,41.81,7
809,2016-01-01 11:30:00,8.04,-73.8744812,40.7740593,-73.95394135,40.80794525,36.41,0
810,2016-01-01 11:30:00,15.1,-73.8730011,40.77412033,-74.00722504,40.70741272,47.34,0
811,2016-01-01 11:30:00,8.56,-73.87444305,40.77397156,-73.97731018,40.75170898,30.84,0
812,2016-01-01 11:31:00,5.8,-73.87082672,40.77370453,-73.94343567,40.76892471,23.3,2
813,2016-01-01 11:31:00,28.98,-73.87065887,40.77354813,-73.91451263,40.60744858,76.3,6
814,2016-01-01 11:31:00,10.6,-73.87030029,40.77364731,-73.97524261,40.75875854,35.84,1
815,2016-01-01 11:31:00,11.37,-73.87058258,40.77349854,-73.97902679,40.6740303,33.8,0
816,2016-01-01 11:31:00,9.6,-73.87302399,40.77415848,-73.97606659,40.77869797,41.19,4
817,2016-01-01 11:31:00,2.58,-73.87299347,40.77417374,-73.91742706,40.77095795,11.76,3
818,2016-01-01 11:31:00,3.81,-73.8761673,40.77334595,-73.91355896,40.74461746,15.96,1
819,2016-01-01 11:32:00,10.8,-73.87267303,40.77421951,-73.98748016,40.76796341,49.84,0
820,2016-01-01 11:32:00,11.14,-73.87284851,40.77421951,-73.94687653,40.67501831,34.3,7
821,2016-01-01 11:32:00,9.4,-73.8745575,40.77414322,-73.9916153,40.74608231,34.84,0
822,2016-01-01 11:32:00,12.56,-73.87315369,40.77415848,-74.01006317,40.70487976,36.3,5
823,2016-01-01 11:32:00,8.46,-73.87347412,40.77398682,-73.8890152,40.83153152,29.84,6
824,2016-01-01 11:32:00,8.2,-73.87452698,40.7741127,-73.95500183,40.77753067,30.34,7
825,2016-01-01 11:32:00,7.93,-73.87506866,40.77397919,-73.97389221,40.74952698,34.61,0
826,2016-01-01 11:33:00,5.65,-73.87521362,40.77390289,-73.84536743,40.72230911,17.8,0
827,2016-01-01 11:33:00,13.14,-73.87322235,40.7740097,-73.98908234,40.7245903,43.84,6
828,2016-01-01 11:33:00,9.1,-73.87274933,40.77425003,-73.97590637,40.76557541,29.3,0
829,2016-01-01 11:33:00,10.99,-73.8708725,40.77381897,-73.98577881,40.75751877,37.84,0
830,2016-01-01 11:33:00,6.8,-73.87276459,40.77425385,-73.94029999,40.81472778,30.84,0
831,2016-01-01 11:33:00,9.31,-73.87438965,40.77402115,-73.97894287,40.71989822,29.8,0
832,2016-01-01 11:33:00,10.3,-73.87097931,40.77355576,-73.9769516,40.76504898,48.84,9
833,2016-01-01 11:33:00,6.8,-73.87078857,40.77360535,-73.93942261,40.72367859,22.3,0
834,2016-01-01 11:33:00,12.53,-73.87296295,40.774189,-73.97821808,40.72951126,49.01,0
835,2016-01-01 11:34:00,9,-73.87309265,40.77408981,-73.97579193,40.79357147,42.92,3
836,2016-01-01 11:34:00,10.9,-73.87072754,40.7738266,-73.98433685,40.75916672,37.84,0
837,2016-01-01 11:34:00,7.7,-73.87278748,40.77446365,-73.95050049,40.8248291,35.8,8
838,2016-01-01 11:34:00,9.51,-73.87447357,40.774086,-73.99739838,40.75619125,39.49,0
839,2016-01-01 11:35:00,8.06,-73.87338257,40.77393723,-73.9517746,40.77365875,36,2
840,2016-01-01 11:35:00,4,-73.87288666,40.77416611,-73.82433319,40.75688171,14.8,6
841,2016-01-01 11:35:00,8.42,-73.87536621,40.77380753,-73.97184753,40.75024796,37.01,0
842,2016-01-01 11:35:00,7.7,-73.8730545,40.77412033,-73.94502258,40.71859741,26.3,3
843,2016-01-01 11:35:00,1.63,-73.87081909,40.77374649,-73.89543915,40.76924515,8.3,3
844,2016-01-01 11:36:00,8.7,-73.87291718,40.77418518,-73.9744873,40.75610352,31.34,0
845,2016-01-01 11:36:00,13.38,-73.87310028,40.77412033,-73.95742798,40.64268112,39.3,5
846,2016-01-01 11:36:00,8.9,-73.87297821,40.77415466,-73.97179413,40.75673676,27.8,9
847,2016-01-01 11:36:00,11.02,-73.87077332,40.77360916,-73.98486328,40.76060104,46.01,8
848,2016-01-01 11:36:00,10.5,-73.87369537,40.77391052,-73.95295715,40.67292786,31.3,0
849,2016-01-01 11:36:00,9.43,-73.87481689,40.774086,-73.99402618,40.73531342,39.41,9
850,2016-01-01 11:36:00,11.2,-73.87093353,40.77379227,-73.98886108,40.77782059,43.84,0
851,2016-01-01 11:37:00,9.82,-73.87297821,40.77415848,-73.98873138,40.69311905,35.16,5
852,2016-01-01 11:37:00,10.36,-73.8708725,40.77374649,-73.986763,40.7182312,37.25,4
853,2016-01-01 11:37:00,9.3,-73.87291718,40.77431488,-73.98662567,40.76131058,40.6,2
854,2016-01-01 11:37:00,14,-73.87445831,40.77407837,-74.00402832,40.72106552,56.84,9
855,2016-01-01 11:37:00,11.84,-73.87278748,40.77425003,-73.90569305,40.68820953,33.8,3
856,2016-01-01 11:37:00,9.42,-73.87286377,40.77402878,-73.9422226,40.83251953,34.84,0
857,2016-01-01 11:38:00,9,-73.87445068,40.77403641,-73.96864319,40.79151535,41,7
858,2016-01-01 11:38:00,9.3,-73.87094116,40.77357864,-73.98477173,40.76039124,34.84,0
859,2016-01-01 11:38:00,11.6,-73.87110138,40.77353668,-73.9859314,40.75743866,41.34,0
860,2016-01-01 11:39:00,9.8,-73.87078094,40.77350235,-73.9977951,40.72275925,35.15,2
861,2016-01-01 11:39:00,12.23,-73.87304688,40.77408981,-74.00630951,40.7081337,44.12,9
862,2016-01-01 11:39:00,8,-73.87342834,40.77399445,-73.95243835,40.7818222,29.84,2
863,2016-01-01 11:39:00,4.4,-73.87301636,40.77403259,-73.9184494,40.76518631,15.8,0
864,2016-01-01 11:39:00,10.2,-73.87479401,40.77409744,-73.974823,40.7582283,36.34,6
865,2016-01-01 11:40:00,11.91,-73.87319946,40.77409744,-73.7901535,40.64681625,33.3,7
866,2016-01-01 11:41:00,10.81,-73.87315369,40.77406311,-73.97870636,40.67897797,39.36,0
867,2016-01-01 11:41:00,11.5,-73.87298584,40.77412796,-73.99204254,40.76803207,48.39,0
868,2016-01-01 11:41:00,11.63,-73.87493134,40.77407074,-73.99002838,40.75664902,46.61,0
869,2016-01-01 11:41:00,11.2,-73.87449646,40.7742424,-73.98291016,40.76500702,38.84,9
870,2016-01-01 11:41:00,6.42,-73.87294769,40.7740593,-73.94296265,40.7190094,20.3,0
871,2016-01-01 11:41:00,10.3,-73.8729248,40.77409363,-73.99222565,40.69703674,35.15,8
872,2016-01-01 11:42:00,5.11,-73.87294769,40.77408981,-73.87518311,40.73757935,16.3,2
873,2016-01-01 11:43:00,8.79,-73.87287903,40.77408981,-73.98963165,40.75621033,38.21,9
874,2016-01-01 11:44:00,4.24,-73.87481689,40.77411652,-73.93456268,40.75204849,16.8,9
875,2016-01-01 11:44:00,11.07,-73.87293243,40.77404022,-73.97812653,40.67520905,38.16,2
876,2016-01-01 11:44:00,13.62,-73.87289429,40.77407455,-74.00831604,40.73936462,45.34,5
877,2016-01-01 11:45:00,5.15,-73.8744278,40.77404022,-73.93551636,40.76725006,17.3,9
878,2016-01-01 11:46:00,10.1,-73.87450409,40.77413559,-73.97293854,40.75432205,34.34,7
879,2016-01-01 11:46:00,8.97,-73.87303162,40.7740593,-73.98635864,40.75410843,40.61,0
880,2016-01-01 11:47:00,5.2,-73.87290192,40.77403259,-73.95043945,40.76135635,21.35,0
881,2016-01-01 11:49:00,11.32,-73.87324524,40.77394104,-73.97816467,40.73422241,42.34,4
882,2016-01-01 11:49:00,8.08,-73.87439728,40.77373886,-73.95407867,40.77286911,34.61,0
883,2016-01-01 11:50:00,12.26,-73.87325287,40.7740097,-74.00437164,40.70764923,35.3,2
884,2016-01-01 11:50:00,9.39,-73.87384033,40.77397156,-73.99265289,40.74782944,33.34,9
885,2016-01-01 11:51:00,9.06,-73.87391663,40.77381516,-73.99738312,40.75628281,40.61,0
886,2016-01-01 11:53:00,10.1,-73.87297058,40.77412033,-73.96728516,40.75748825,43.54,8
887,2016-01-01 11:54:00,9.49,-73.87094879,40.77375031,-73.98049164,40.77000046,29.3,0
888,2016-01-01 11:56:00,6.8,-73.87435913,40.77378464,-73.95484161,40.71662903,24.35,9
889,2016-01-01 11:58:00,10.5,-73.87103271,40.77371979,-73.98242188,40.77355576,37.84,0
890,2016-01-01 11:58:00,9.96,-73.87452698,40.77413177,-73.98319244,40.69510651,38.09,2
891,2016-01-01 11:58:00,9.2,-73.87109375,40.77362823,-73.97947693,40.7618103,32.34,0
892,2016-01-01 12:00:00,10.3,-73.87088776,40.77381134,-74.00331879,40.72411728,31.3,4
893,2016-01-01 12:01:00,11.02,-73.87134552,40.77377319,-73.93292236,40.85818863,37.34,0
894,2016-01-01 12:02:00,9.1,-73.87127686,40.77354813,-73.98982239,40.756073,32.34,0
895,2016-01-01 12:04:00,12.3,-73.87059784,40.77359009,-74.00532532,40.72082901,35.8,6
896,2016-01-01 12:05:00,8.3,-73.87148285,40.77209091,-73.94776917,40.77893829,32.25,6
897,2016-01-01 12:09:00,3.66,-73.87081909,40.77387619,-73.90999603,40.77233505,14.3,0
898,2016-01-01 12:12:00,8.6,-73.87094879,40.77386093,-73.98821259,40.74585342,35.84,1
899,2016-01-01 12:13:00,8.7,-73.8728714,40.77396011,-73.97268677,40.75248337,30.84,0
900,2016-01-01 12:18:00,8.4,-73.87103271,40.77382278,-73.80252838,40.70782852,25.3,4
901,2016-01-01 12:19:00,8.57,-73.87312317,40.77413177,-73.96746063,40.79310989,39.41,0
902,2016-01-01 12:24:00,7.37,-73.87091064,40.77371979,-73.95755005,40.81618881,28.84,2
903,2016-01-01 12:24:00,8.51,-73.87098694,40.77371216,-73.94005585,40.82884979,37.01,0
904,2016-01-01 12:25:00,9.6,-73.87076569,40.77380753,-73.99707031,40.72203064,29.3,4
905,2016-01-01 12:26:00,15.3,-73.87086487,40.77376556,-73.96122742,40.64481735,46.8,6
906,2016-01-01 12:31:00,10.94,-73.8702774,40.77352905,-73.98529053,40.77347946,39.84,0
907,2016-01-01 12:32:00,10.4,-73.87026215,40.77347946,-73.9777832,40.77384949,36.34,0
908,2016-01-01 12:32:00,10.9,-73.87113953,40.77392578,-73.98629761,40.76715469,45.99,0
909,2016-01-01 12:34:00,10.03,-73.87058258,40.77341843,-73.96995544,40.75695419,40.84,9
910,2016-01-01 12:35:00,13.8,-73.87088776,40.77371597,-73.93232727,40.65110779,41.3,3
911,2016-01-01 12:35:00,12.44,-73.87306213,40.77388763,-73.70258331,40.77536011,40.3,1
912,2016-01-01 12:35:00,10.6,-73.8706665,40.77357101,-73.98552704,40.68798828,31.3,0
913,2016-01-01 12:35:00,7.5,-73.87075043,40.77373886,-73.94189453,40.81533813,33.34,6
914,2016-01-01 12:36:00,8.3,-73.8707428,40.77361298,-73.97825623,40.74148941,30.34,7
915,2016-01-01 12:36:00,6.74,-73.87030792,40.77341843,-73.96144104,40.76184845,26.16,5
916,2016-01-01 12:37:00,10.24,-73.87364197,40.77388763,-73.98994446,40.73315811,37.56,1
917,2016-01-01 12:38:00,1.67,-73.87452698,40.77410889,-73.8670578,40.75989151,8.3,0
918,2016-01-01 12:38:00,10.33,-73.87075043,40.77371979,-74.00384521,40.72706604,37.56,0
919,2016-01-01 12:38:00,8,-73.87107849,40.77368546,-73.95166779,40.7819519,33.34,0
920,2016-01-01 12:38:00,9.63,-73.87077332,40.7736969,-73.96674347,40.77283096,40.61,0
921,2016-01-01 12:38:00,8.34,-73.8706131,40.77362061,-73.97863007,40.74121094,24.3,0
922,2016-01-01 12:38:00,11.13,-73.87097168,40.77375031,-73.98284149,40.77708054,47.81,0
923,2016-01-01 12:38:00,4.81,-73.87091064,40.77375031,-73.80983734,40.76549149,19.56,1
924,2016-01-01 12:39:00,9.35,-73.87103271,40.77379608,-73.96282959,40.76682663,38.34,0
925,2016-01-01 12:39:00,10.17,-73.87451935,40.77410889,-73.98519135,40.69167328,34.8,0
926,2016-01-01 12:40:00,3.7,-73.87082672,40.7737236,-73.90011597,40.74388123,15.36,9
927,2016-01-01 12:40:00,9.8,-73.87083435,40.77367783,-73.92864227,40.68094635,30.8,7
928,2016-01-01 12:41:00,10.45,-73.87133026,40.77399063,-73.99489594,40.69316483,30.3,1
929,2016-01-01 12:41:00,8.6,-73.87078094,40.77372742,-73.9858551,40.74382019,38.8,0
930,2016-01-01 12:41:00,6.47,-73.87445831,40.77408981,-73.93402863,40.79459,30.41,2
931,2016-01-01 12:42:00,10.06,-73.87589264,40.77350616,-73.98587036,40.73180771,35.16,0
932,2016-01-01 12:42:00,9.59,-73.87096405,40.7738266,-73.96221924,40.75805664,33.36,2
933,2016-01-01 12:42:00,35.84,-73.87487793,40.77383041,-74.20015717,40.68651962,136.84,8
934,2016-01-01 12:42:00,10.9,-73.87091827,40.77376938,-73.98409271,40.76065826,38.34,3
935,2016-01-01 12:43:00,7.6,-73.87120056,40.77354431,-73.94690704,40.78005981,31.84,3
936,2016-01-01 12:43:00,7.9,-73.87083435,40.77368164,-73.95108795,40.77888107,29.84,1
937,2016-01-01 12:43:00,12.1,-73.87071991,40.7737236,-73.99324036,40.75256348,50.19,0
938,2016-01-01 12:43:00,8.59,-73.87512207,40.77391815,-73.94883728,40.83149719,32.34,9
939,2016-01-01 12:44:00,9.63,-73.87091064,40.77378082,-73.99929047,40.76044083,43.61,4
940,2016-01-01 12:44:00,6.7,-73.87112427,40.77379608,-73.79855347,40.78786087,19.8,3
941,2016-01-01 12:44:00,8.8,-73.87097931,40.77378082,-73.99206543,40.7487793,32.84,0
942,2016-01-01 12:44:00,9.5,-73.87484741,40.77397537,-73.96530914,40.76265717,40.6,0
943,2016-01-01 12:45:00,6.82,-73.87107086,40.77389145,-73.95033264,40.74612045,26.62,4
944,2016-01-01 12:45:00,3.06,-73.87303925,40.77416992,-73.91433716,40.76736832,11.8,0
945,2016-01-01 12:45:00,8.14,-73.87491608,40.77388382,-73.97891235,40.74937057,37.92,0
946,2016-01-01 12:45:00,9.6,-73.87303925,40.77408981,-73.97813416,40.78729248,35.34,6
947,2016-01-01 12:46:00,8.86,-73.87313843,40.77404022,-73.99337006,40.75230408,40.34,0
948,2016-01-01 12:46:00,12.7,-73.87089539,40.77373123,-73.88556671,40.8672142,41.34,9
949,2016-01-01 12:46:00,13,-73.87290192,40.7742157,-73.98949432,40.75867081,54.99,5
950,2016-01-01 12:46:00,8.92,-73.87095642,40.77381134,-73.96929169,40.78546906,37.84,0
951,2016-01-01 12:46:00,11.98,-73.87443542,40.77408218,-74.00602722,40.68023682,37.3,8
952,2016-01-01 12:47:00,8.3,-73.8730545,40.77404785,-73.98577881,40.74496841,37.59,3
953,2016-01-01 12:47:00,8.1,-73.87310028,40.7741394,-73.96674347,40.80746841,40.59,0
954,2016-01-01 12:47:00,2.6,-73.87288666,40.77398682,-73.91474915,40.76408005,10.8,6
955,2016-01-01 12:47:00,8.8,-73.87287903,40.7742424,-73.86483765,40.81887436,30.84,0
956,2016-01-01 12:47:00,9.15,-73.87600708,40.77322006,-73.99272919,40.758358,33.34,1
957,2016-01-01 12:47:00,13.4,-73.87306213,40.77415085,-73.99085236,40.72758102,51.39,6
958,2016-01-01 12:48:00,7.6,-73.87487793,40.77386856,-73.9461441,40.77968979,36.05,7
959,2016-01-01 12:48:00,8.5,-73.8737793,40.77386475,-73.99060822,40.75094223,42.04,3
960,2016-01-01 12:48:00,13.1,-73.8718338,40.77454758,-73.93666077,40.66941833,47.25,0
961,2016-01-01 12:48:00,9.81,-73.87271118,40.7739563,-73.97875214,40.78432083,43.61,4
962,2016-01-01 12:48:00,4.3,-73.87293243,40.77407455,-73.91548157,40.74476624,19.85,0
963,2016-01-01 12:48:00,14.2,-73.87583923,40.77352905,-73.97736359,40.64818954,49.12,4
964,2016-01-01 12:48:00,11.47,-73.8723526,40.77416611,-73.98806763,40.75543213,38.84,3
965,2016-01-01 12:48:00,12.07,-73.87265015,40.77362061,-74.0113678,40.70430374,42.88,5
966,2016-01-01 12:49:00,10.1,-73.87496948,40.77387238,-73.98091125,40.7831192,36.84,6
967,2016-01-01 12:49:00,9.4,-73.87444305,40.77399826,-73.98213196,40.76279449,33.84,8
968,2016-01-01 12:49:00,12.2,-73.8713913,40.77329254,-73.91005707,40.88095093,39.84,0
969,2016-01-01 12:49:00,3.1,-73.87065125,40.77357864,-73.91487122,40.78317642,12.3,5
970,2016-01-01 12:49:00,7.3,-73.87065887,40.7745018,-73.97769928,40.76631546,25.3,0
971,2016-01-01 12:50:00,7.2,-73.87309265,40.77417755,-73.93074799,40.70628357,26.75,0
972,2016-01-01 12:50:00,9.41,-73.87078857,40.77368164,-73.95858765,40.77238846,40.84,4
973,2016-01-01 12:50:00,2.6,-73.87316895,40.77410889,-73.9107666,40.7635994,10.8,0
974,2016-01-01 12:52:00,9.2,-73.87466431,40.7741127,-73.95427704,40.68948364,27.8,8
975,2016-01-01 12:52:00,7.63,-73.87117767,40.77384186,-73.95628357,40.77048874,24.3,5
976,2016-01-01 12:53:00,12,-73.8734436,40.774086,-73.78240967,40.64880753,33.8,5
977,2016-01-01 12:53:00,11.76,-73.87125397,40.77392197,-73.91575623,40.68199539,33.8,0
978,2016-01-01 12:54:00,17.7,-73.87078094,40.77367783,-73.94599152,40.69871902,53.3,9
979,2016-01-01 12:54:00,8.7,-73.87451935,40.77416992,-73.94265747,40.8231163,37.59,6
980,2016-01-01 12:54:00,5.6,-73.87091827,40.77378464,-73.93612671,40.73585129,21.35,9
981,2016-01-01 12:55:00,7.74,-73.8709259,40.77379227,-73.94641113,40.78104782,28.84,8
982,2016-01-01 12:57:00,0.83,-73.87091064,40.77361298,-73.87947845,40.76786041,7.25,5
983,2016-01-01 12:58:00,0,-73.87451172,40.77407837,-73.87461853,40.77413559,4.3,0
984,2016-01-01 12:58:00,9.43,-73.87142181,40.77377319,-73.96083069,40.69312668,28.8,1
985,2016-01-01 12:58:00,8.7,-73.87443542,40.77408981,-73.98691559,40.73661423,38.19,8
986,2016-01-01 12:59:00,10.63,-73.87319183,40.77412033,-73.97921753,40.76200867,45.41,7
987,2016-01-01 12:59:00,10.48,-73.87097931,40.77368164,-73.97762299,40.77375031,42.34,4
988,2016-01-01 13:00:00,9.99,-73.87140656,40.77399445,-73.97515869,40.77727127,35.34,0
989,2016-01-01 13:01:00,9.5,-73.8754425,40.77377701,-73.99284363,40.71483612,33.35,0
990,2016-01-01 13:01:00,7.1,-73.87299347,40.77379608,-73.9677887,40.76278305,24.3,0
991,2016-01-01 13:01:00,8,-73.87091064,40.77383041,-73.94980621,40.7722168,30.34,6
992,2016-01-01 13:02:00,9.3,-73.87453461,40.77414703,-73.99928284,40.73892212,30.8,0
993,2016-01-01 13:02:00,8.8,-73.87097168,40.77378082,-73.97074127,40.79849625,41.34,0
994,2016-01-01 13:02:00,11.29,-73.87310791,40.77415085,-73.87294769,40.77415085,33.8,0
995,2016-01-01 13:02:00,8.1,-73.87083435,40.77367401,-73.95547485,40.77786636,25.8,4
996,2016-01-01 13:03:00,7.3,-73.87068176,40.77362442,-73.95613861,40.71735764,27.35,9
997,2016-01-01 13:03:00,6.92,-73.87123108,40.77401352,-73.95734406,40.72804642,27.36,9
998,2016-01-01 13:03:00,8.1,-73.8709259,40.7737999,-73.97788239,40.74884796,37.29,0
999,2016-01-01 13:03:00,9.44,-73.87091064,40.77376938,-73.96128845,40.76670837,40.01,0
